-- phpMyAdmin SQL Dump
-- version 5.2.1
-- https://www.phpmyadmin.net/
--
-- Host: 127.0.0.1
-- Generation Time: Nov 22, 2025 at 05:26 PM
-- Server version: 10.4.32-MariaDB
-- PHP Version: 8.2.12

SET SQL_MODE = "NO_AUTO_VALUE_ON_ZERO";
START TRANSACTION;
SET time_zone = "+00:00";


/*!40101 SET @OLD_CHARACTER_SET_CLIENT=@@CHARACTER_SET_CLIENT */;
/*!40101 SET @OLD_CHARACTER_SET_RESULTS=@@CHARACTER_SET_RESULTS */;
/*!40101 SET @OLD_COLLATION_CONNECTION=@@COLLATION_CONNECTION */;
/*!40101 SET NAMES utf8mb4 */;

--
-- Database: `reelstock`
--

-- --------------------------------------------------------

--
-- Table structure for table `carton_costings`
--

CREATE TABLE `carton_costings` (
  `id` bigint(20) UNSIGNED NOT NULL,
  `user_id` bigint(20) UNSIGNED NOT NULL,
  `fefco_code` varchar(255) NOT NULL,
  `length` decimal(10,2) NOT NULL,
  `width` decimal(10,2) NOT NULL,
  `height` decimal(10,2) NOT NULL,
  `plies` int(11) NOT NULL,
  `paper_layers` longtext CHARACTER SET utf8mb4 COLLATE utf8mb4_bin NOT NULL CHECK (json_valid(`paper_layers`)),
  `flutes` longtext CHARACTER SET utf8mb4 COLLATE utf8mb4_bin NOT NULL CHECK (json_valid(`flutes`)),
  `waste_percent` decimal(5,2) NOT NULL,
  `overhead_percent` decimal(5,2) NOT NULL,
  `profit_percent` decimal(5,2) NOT NULL,
  `effective_gsm` decimal(10,2) NOT NULL,
  `sheet_size_length` decimal(10,2) NOT NULL,
  `sheet_size_width` decimal(10,2) NOT NULL,
  `sheet_area` decimal(10,4) NOT NULL,
  `total_sheet_weight` decimal(10,4) NOT NULL,
  `base_cost` decimal(15,2) NOT NULL,
  `waste_cost` decimal(15,2) NOT NULL,
  `overhead_cost` decimal(15,2) NOT NULL,
  `profit_cost` decimal(15,2) NOT NULL,
  `total_cost` decimal(15,2) NOT NULL,
  `created_at` timestamp NULL DEFAULT NULL,
  `updated_at` timestamp NULL DEFAULT NULL
) ENGINE=InnoDB DEFAULT CHARSET=utf8mb4 COLLATE=utf8mb4_unicode_ci;

-- --------------------------------------------------------

--
-- Table structure for table `customers`
--

CREATE TABLE `customers` (
  `id` bigint(20) UNSIGNED NOT NULL,
  `customer_name` varchar(150) NOT NULL,
  `address` text DEFAULT NULL,
  `contact` varchar(50) DEFAULT NULL,
  `created_at` timestamp NULL DEFAULT NULL,
  `updated_at` timestamp NULL DEFAULT NULL
) ENGINE=InnoDB DEFAULT CHARSET=utf8mb4 COLLATE=utf8mb4_unicode_ci;

-- --------------------------------------------------------

--
-- Table structure for table `failed_jobs`
--

CREATE TABLE `failed_jobs` (
  `id` bigint(20) UNSIGNED NOT NULL,
  `uuid` varchar(255) NOT NULL,
  `connection` text NOT NULL,
  `queue` text NOT NULL,
  `payload` longtext NOT NULL,
  `exception` longtext NOT NULL,
  `failed_at` timestamp NOT NULL DEFAULT current_timestamp()
) ENGINE=InnoDB DEFAULT CHARSET=utf8mb4 COLLATE=utf8mb4_unicode_ci;

-- --------------------------------------------------------

--
-- Table structure for table `migrations`
--

CREATE TABLE `migrations` (
  `id` int(10) UNSIGNED NOT NULL,
  `migration` varchar(255) NOT NULL,
  `batch` int(11) NOT NULL
) ENGINE=InnoDB DEFAULT CHARSET=utf8mb4 COLLATE=utf8mb4_unicode_ci;

--
-- Dumping data for table `migrations`
--

INSERT INTO `migrations` (`id`, `migration`, `batch`) VALUES
(14, '2014_10_12_000000_create_users_table', 1),
(15, '2014_10_12_100000_create_password_resets_table', 1),
(16, '2019_08_19_000000_create_failed_jobs_table', 1),
(17, '2019_12_14_000001_create_personal_access_tokens_table', 1),
(18, '2025_11_12_143632_create_suppliers_table', 1),
(19, '2025_11_12_143654_create_paper_qualities_table', 1),
(20, '2025_11_12_143710_create_reels_table', 1),
(21, '2025_11_12_143718_create_reel_receipts_table', 1),
(22, '2025_11_12_143726_create_reel_issues_table', 1),
(23, '2025_11_12_143746_create_reel_returns_table', 1),
(24, '2025_11_12_143757_create_roles_table', 1),
(25, '2025_11_12_143810_add_role_id_to_users_table', 1),
(27, '2025_11_12_154535_make_item_code_unique_in_paper_qualities_table', 2),
(28, '2025_11_12_170536_add_status_to_reels_table', 2),
(29, '2025_11_12_160000_add_rate_to_reel_receipts_table', 3),
(30, '2025_11_14_134732_create_carton_costings_table', 4),
(31, '2025_11_18_121418_add_received_by_to_reel_receipts_table', 5),
(32, '2025_11_18_173020_create_user_permissions_table', 6),
(33, '2025_11_18_192119_create_customers_table', 7),
(34, '2025_11_20_180518_create_settings_table', 8);

-- --------------------------------------------------------

--
-- Table structure for table `paper_qualities`
--

CREATE TABLE `paper_qualities` (
  `id` bigint(20) UNSIGNED NOT NULL,
  `quality` varchar(255) NOT NULL,
  `item_code` varchar(255) NOT NULL,
  `gsm_range` varchar(255) NOT NULL,
  `created_at` timestamp NULL DEFAULT NULL,
  `updated_at` timestamp NULL DEFAULT NULL
) ENGINE=InnoDB DEFAULT CHARSET=utf8mb4 COLLATE=utf8mb4_unicode_ci;

--
-- Dumping data for table `paper_qualities`
--

INSERT INTO `paper_qualities` (`id`, `quality`, `item_code`, `gsm_range`, `created_at`, `updated_at`) VALUES
(1, 'Special Fluting', 'SF001', '105–110 gsm', '2025-11-12 10:48:04', '2025-11-12 10:48:04'),
(2, 'Special Fluting', 'SF002', '120–125 gsm', '2025-11-12 10:48:04', '2025-11-12 10:48:04'),
(3, 'Ultra Fluting', 'UF001', '110–115 gsm', '2025-11-12 10:48:04', '2025-11-12 10:48:04'),
(4, 'Ultra Fluting', 'UF002', '130–140 gsm', '2025-11-12 10:48:05', '2025-11-12 10:48:05'),
(5, 'Local Dubai Liner', 'LDL001', '110–115 gsm', '2025-11-12 10:48:05', '2025-11-12 10:48:05'),
(6, 'Local Dubai Liner', 'LDL002', '130–140 gsm', '2025-11-12 10:48:05', '2025-11-12 10:48:05'),
(7, 'Local Kraft Liner', 'LKL001', '110–115 gsm', '2025-11-12 10:48:05', '2025-11-12 10:48:05'),
(8, 'Local Kraft Liner', 'LKL002', '155–160 gsm', '2025-11-12 10:48:05', '2025-11-12 10:48:05'),
(9, 'WDL', 'WDL001', '140–150 gsm', '2025-11-12 10:48:05', '2025-11-12 10:48:05'),
(10, 'Box Board 3#', 'BB3001', '170–180 gsm', '2025-11-12 10:48:05', '2025-11-12 10:48:05'),
(11, 'Box Board 2.5#', 'BB2001', '170–180 gsm', '2025-11-12 10:48:05', '2025-11-12 10:48:05'),
(12, 'Local Kraft Liner', 'LKL003', '225–230 gsm', '2025-11-12 10:48:05', '2025-11-12 10:48:05'),
(13, 'Local Kraft Liner', 'LKL004', '245–250 gsm', '2025-11-12 10:48:05', '2025-11-12 10:48:05'),
(14, 'Imported Kraft Liner', 'IKL001', '100–110 gsm', '2025-11-12 10:48:05', '2025-11-12 10:48:05'),
(15, 'Imported Kraft Liner', 'IKL002', '160–170 gsm', '2025-11-12 10:48:05', '2025-11-12 10:48:05'),
(16, 'Imported Kraft Liner', 'IKL003', '220–225 gsm', '2025-11-12 10:48:05', '2025-11-12 10:48:05'),
(17, 'Yellow Liner', 'YL001', '130–140 gsm', '2025-11-12 10:48:05', '2025-11-12 10:48:05'),
(20, 'Yellow Liner', 'YL002', '120-130 gsm', '2025-11-13 06:43:05', '2025-11-13 06:43:05'),
(21, 'Kraft Liner', 'KL001', '150-160 gsm', '2025-11-16 04:31:27', '2025-11-16 04:31:27'),
(22, 'Imported Test Liner', 'ITL001', '100-110 gsm', '2025-11-17 13:09:53', '2025-11-17 13:09:53'),
(23, 'Imported Test Liner1', 'ITL002', '120-130 gsm', '2025-11-17 13:42:53', '2025-11-17 13:43:11');

-- --------------------------------------------------------

--
-- Table structure for table `password_resets`
--

CREATE TABLE `password_resets` (
  `email` varchar(255) NOT NULL,
  `token` varchar(255) NOT NULL,
  `created_at` timestamp NULL DEFAULT NULL
) ENGINE=InnoDB DEFAULT CHARSET=utf8mb4 COLLATE=utf8mb4_unicode_ci;

-- --------------------------------------------------------

--
-- Table structure for table `personal_access_tokens`
--

CREATE TABLE `personal_access_tokens` (
  `id` bigint(20) UNSIGNED NOT NULL,
  `tokenable_type` varchar(255) NOT NULL,
  `tokenable_id` bigint(20) UNSIGNED NOT NULL,
  `name` varchar(255) NOT NULL,
  `token` varchar(64) NOT NULL,
  `abilities` text DEFAULT NULL,
  `last_used_at` timestamp NULL DEFAULT NULL,
  `expires_at` timestamp NULL DEFAULT NULL,
  `created_at` timestamp NULL DEFAULT NULL,
  `updated_at` timestamp NULL DEFAULT NULL
) ENGINE=InnoDB DEFAULT CHARSET=utf8mb4 COLLATE=utf8mb4_unicode_ci;

--
-- Dumping data for table `personal_access_tokens`
--

INSERT INTO `personal_access_tokens` (`id`, `tokenable_type`, `tokenable_id`, `name`, `token`, `abilities`, `last_used_at`, `expires_at`, `created_at`, `updated_at`) VALUES
(1, 'App\\Models\\User', 2, 'auth_token', '8b0c73ca473b6ada1a49e85e203028eed6d5ab209fc9c7c808b06951ff270985', '[\"*\"]', NULL, NULL, '2025-11-12 10:52:19', '2025-11-12 10:52:19'),
(2, 'App\\Models\\User', 2, 'auth_token', '9264f4784fcb096e1155fc8174687c2328b6e6e1a4cae22a57ac756e7d83b2a5', '[\"*\"]', NULL, NULL, '2025-11-12 10:53:29', '2025-11-12 10:53:29'),
(3, 'App\\Models\\User', 2, 'auth_token', '10f5dbb73da3afdf141fc642d1320715e6fe0e8f19b74a48dca39fbce1d05cf1', '[\"*\"]', NULL, NULL, '2025-11-12 10:55:12', '2025-11-12 10:55:12'),
(4, 'App\\Models\\User', 2, 'auth_token', '3724171f40880007854691983e33aa88605b71d52e4008bcd65775ae0b603a71', '[\"*\"]', NULL, NULL, '2025-11-12 11:17:00', '2025-11-12 11:17:00'),
(5, 'App\\Models\\User', 2, 'auth_token', 'f3e86c7b41c14753429c1b39f4c0d35e28c58b4065217c0e764a9b70f51d554c', '[\"*\"]', NULL, NULL, '2025-11-12 11:19:03', '2025-11-12 11:19:03'),
(6, 'App\\Models\\User', 2, 'auth_token', 'd9fefe14b5e20af6a25c0c6e14ca6bd8a5e462da9b48b4cc4cf29868f29cfbf2', '[\"*\"]', NULL, NULL, '2025-11-12 11:25:06', '2025-11-12 11:25:06'),
(7, 'App\\Models\\User', 2, 'auth_token', '4a376058dabe1bb528fada7b5c7cd210416558cd3d54d92a3d0355ac6eb9519b', '[\"*\"]', NULL, NULL, '2025-11-12 11:26:27', '2025-11-12 11:26:27'),
(8, 'App\\Models\\User', 2, 'auth_token', '9b5a3da8a8b29e40b035226a60755cad38a6123da31b7b2fd3b69e63b368b73e', '[\"*\"]', NULL, NULL, '2025-11-12 11:28:52', '2025-11-12 11:28:52'),
(9, 'App\\Models\\User', 2, 'auth_token', '9a40a86c08ae8b4db9db753a3167d608bf42745e8c8891d93e2e4f900365455a', '[\"*\"]', NULL, NULL, '2025-11-12 11:30:09', '2025-11-12 11:30:09'),
(10, 'App\\Models\\User', 2, 'auth_token', '382af5f041769357fb57fbee8395d62ac003c2f70d05a27a2bd872aa8c7adb9f', '[\"*\"]', NULL, NULL, '2025-11-12 11:32:20', '2025-11-12 11:32:20'),
(11, 'App\\Models\\User', 2, 'auth_token', '8349de146ce21eff0d19ec6d0fa7beafb9ace5a71b6d434d2711237c40a2f3fb', '[\"*\"]', NULL, NULL, '2025-11-12 11:32:47', '2025-11-12 11:32:47'),
(12, 'App\\Models\\User', 2, 'auth_token', '49f2ccf744b0fa60f980ef74bff9129dbf80b233a7a62df5fdd7d57b7c0fc767', '[\"*\"]', NULL, NULL, '2025-11-12 11:41:49', '2025-11-12 11:41:49'),
(13, 'App\\Models\\User', 2, 'auth_token', '44a7b5aba082d07acdd659733116303f0c2b6b38ff69d9fdaa276f847ee4d735', '[\"*\"]', NULL, NULL, '2025-11-12 11:55:43', '2025-11-12 11:55:43'),
(14, 'App\\Models\\User', 2, 'auth_token', '348589d224b4361a50b35df34581776a27a6f5e8980f394ad666fd57cc2bda19', '[\"*\"]', NULL, NULL, '2025-11-12 11:56:43', '2025-11-12 11:56:43'),
(15, 'App\\Models\\User', 2, 'auth_token', '8c36359041ecb880b7adf50cb91098ca677a848dada6ca13123d557c6e4aa6a4', '[\"*\"]', NULL, NULL, '2025-11-12 12:05:04', '2025-11-12 12:05:04'),
(16, 'App\\Models\\User', 2, 'auth_token', '5bb4345711fbf633aa27666487490ddd54ec9e083843938f34244ea85dfa64ee', '[\"*\"]', NULL, NULL, '2025-11-12 12:08:17', '2025-11-12 12:08:17'),
(17, 'App\\Models\\User', 2, 'auth_token', 'efdf67c89ab756aca6192c58d8baf0e349dc1a2621a1a77905958aea7d1ebbf8', '[\"*\"]', NULL, NULL, '2025-11-12 12:13:08', '2025-11-12 12:13:08'),
(18, 'App\\Models\\User', 2, 'auth_token', 'ad6130ae8200f3572decb17082871a4ed00a4bb062a08b2869699d88b5e45c6e', '[\"*\"]', NULL, NULL, '2025-11-12 12:14:41', '2025-11-12 12:14:41'),
(19, 'App\\Models\\User', 2, 'auth_token', 'cbee354e143bd5aefd3fe66029676e4e9f104463b616aa6518fb181d23913e3f', '[\"*\"]', NULL, NULL, '2025-11-12 12:27:50', '2025-11-12 12:27:50'),
(20, 'App\\Models\\User', 2, 'auth_token', 'e2f9d34b86ecdb9bd4638c7816eeea0a843e17dfa3c9769883b39d52751b4cd6', '[\"*\"]', NULL, NULL, '2025-11-12 12:31:47', '2025-11-12 12:31:47'),
(21, 'App\\Models\\User', 2, 'auth_token', '054a1578f4a9b8c25b452e86e51f575eaa06cc39a6acfa618b8e3304c65078ae', '[\"*\"]', NULL, NULL, '2025-11-12 12:32:42', '2025-11-12 12:32:42'),
(22, 'App\\Models\\User', 2, 'auth_token', '8ed072a9a6ada17961c1cf0f98c414581f6750fe37bc395c749e6a97ace2219d', '[\"*\"]', NULL, NULL, '2025-11-12 12:52:31', '2025-11-12 12:52:31'),
(23, 'App\\Models\\User', 3, 'auth_token', '2da92b5958f4397dcbc1392bbfb0d7d070aaeb5451c296f0e4ccf9a3ebb1df03', '[\"*\"]', NULL, NULL, '2025-11-12 13:12:57', '2025-11-12 13:12:57'),
(24, 'App\\Models\\User', 2, 'auth_token', 'b0574e2a0162b803621c75ba852ddb9840bba0f84777ba81c45d484b021ab4b6', '[\"*\"]', NULL, NULL, '2025-11-12 13:24:58', '2025-11-12 13:24:58'),
(25, 'App\\Models\\User', 2, 'auth_token', '48c7ae0ae746b68b9f4d6b51cc2c5b93bfb56eaf4c6294493192158bad9b5d52', '[\"*\"]', NULL, NULL, '2025-11-12 13:55:14', '2025-11-12 13:55:14'),
(26, 'App\\Models\\User', 2, 'auth_token', '7cad525fdf9b12e864b531a939967c8a4d09c48b8b56b2a4fd19d969b4605874', '[\"*\"]', NULL, NULL, '2025-11-12 14:08:40', '2025-11-12 14:08:40'),
(27, 'App\\Models\\User', 2, 'auth_token', '25eabe81f0d6fd9660527de090fb7fb0c622196a6230a90024cf3f8415493698', '[\"*\"]', NULL, NULL, '2025-11-12 14:10:10', '2025-11-12 14:10:10'),
(28, 'App\\Models\\User', 2, 'auth_token', 'de2a4cbdb8d2cd14b00e90f063bdd61581171a812a911b7fcb3f52ceabdf9ac9', '[\"*\"]', NULL, NULL, '2025-11-13 04:17:17', '2025-11-13 04:17:17'),
(29, 'App\\Models\\User', 2, 'auth_token', '725e4ef95f3269e25813e9d350e15a20c8a478535d68f20e5125d5227b19d260', '[\"*\"]', '2025-11-15 13:18:38', NULL, '2025-11-13 05:07:42', '2025-11-15 13:18:38'),
(30, 'App\\Models\\User', 2, 'auth_token', '269800d0d3cf6ff11b502d3b16b52252a50793f173864334d1dd2d76dc1d5da1', '[\"*\"]', NULL, NULL, '2025-11-13 05:08:38', '2025-11-13 05:08:38'),
(31, 'App\\Models\\User', 2, 'auth_token', '568aa322c7092b08a51c566f0f207e682b17bfd677ddab4e91f64bae12fe5a31', '[\"*\"]', NULL, NULL, '2025-11-13 06:41:07', '2025-11-13 06:41:07'),
(32, 'App\\Models\\User', 2, 'auth_token', '99609de244d9b49911609a725344b8e3e10e07b8a6e6105427259a839f9506dd', '[\"*\"]', NULL, NULL, '2025-11-13 06:41:42', '2025-11-13 06:41:42'),
(33, 'App\\Models\\User', 4, 'auth_token', '52b229d3d60fcbcaaf194c6ea59e42bc77179fd82ece1d73b41dfbcaed247128', '[\"*\"]', NULL, NULL, '2025-11-13 06:47:40', '2025-11-13 06:47:40'),
(34, 'App\\Models\\User', 2, 'auth_token', '5cc8f99d29e3325cd18f72f86c8cb7b7eabc6af6b14ca57e48b8e60a71683ac9', '[\"*\"]', '2025-11-14 09:20:10', NULL, '2025-11-13 06:48:09', '2025-11-14 09:20:10'),
(35, 'App\\Models\\User', 2, 'auth_token', '5aca8223b13a0707c3b32a0daf7ad8540b61db49905276a809718f1d398772b9', '[\"*\"]', NULL, NULL, '2025-11-13 11:21:19', '2025-11-13 11:21:19'),
(36, 'App\\Models\\User', 2, 'auth_token', 'f49c0d699981004bf86335225eac2c98cf7e0c4358d2230ea1c73f12041505a5', '[\"*\"]', NULL, NULL, '2025-11-14 08:42:01', '2025-11-14 08:42:01'),
(37, 'App\\Models\\User', 2, 'auth_token', '9d269a4f78aad6b64a5f1254317929da7b38328d56360c4fc126a0448cd5289d', '[\"*\"]', NULL, NULL, '2025-11-14 08:49:31', '2025-11-14 08:49:31'),
(38, 'App\\Models\\User', 2, 'auth_token', '1577016e461330824fa610951add305321b44b7d124c3c5957d662ed7b67d44a', '[\"*\"]', NULL, NULL, '2025-11-14 09:21:16', '2025-11-14 09:21:16'),
(39, 'App\\Models\\User', 2, 'auth_token', '9e56999a2cbfd31f89c9e22ba169883ff846c481f8158f2b548b1aee5f93834e', '[\"*\"]', NULL, NULL, '2025-11-14 09:21:56', '2025-11-14 09:21:56'),
(40, 'App\\Models\\User', 2, 'auth_token', 'fb52d5ba0b9ea2373d15ae3310b42356ab62463563d24fb7dd0565876b3f5cb4', '[\"*\"]', NULL, NULL, '2025-11-14 09:34:50', '2025-11-14 09:34:50'),
(41, 'App\\Models\\User', 3, 'auth_token', '66fee630f4470f131bb40428076660f508bfacb686000bf977b60b906522ecaf', '[\"*\"]', NULL, NULL, '2025-11-14 09:35:45', '2025-11-14 09:35:45'),
(42, 'App\\Models\\User', 2, 'auth_token', 'aadae0d07fbea10ebab484164f7e541168dffa801c0731f1560d5f8f03af7435', '[\"*\"]', NULL, NULL, '2025-11-14 09:37:37', '2025-11-14 09:37:37'),
(43, 'App\\Models\\User', 2, 'auth_token', '017a422e426ba1b44f308c39cc475952169850d91b4d1f379b1ade9f83a9bc59', '[\"*\"]', NULL, NULL, '2025-11-14 10:04:30', '2025-11-14 10:04:30'),
(44, 'App\\Models\\User', 3, 'auth_token', '000eabeb2a108c77e990a6da3f0abfecbb170c81716d4054dcb1466488232a98', '[\"*\"]', '2025-11-15 12:58:12', NULL, '2025-11-14 10:22:57', '2025-11-15 12:58:12'),
(45, 'App\\Models\\User', 2, 'auth_token', 'a2a4baaf86bad1c722d377ef0b2f495212864f8a4481d80c6d7ead829a1542ce', '[\"*\"]', NULL, NULL, '2025-11-15 11:46:40', '2025-11-15 11:46:40'),
(46, 'App\\Models\\User', 2, 'auth_token', '5f52739d87b7c711391fdf9d4ac7508cdf139b3f0201cf5cfafd9e5c4672fb5c', '[\"*\"]', NULL, NULL, '2025-11-15 12:59:56', '2025-11-15 12:59:56'),
(47, 'App\\Models\\User', 2, 'auth_token', 'a13e2a70c6396ac901d267e1477fad1a82e5d90633c4b5e0abdb89d805bebc15', '[\"*\"]', NULL, NULL, '2025-11-15 13:15:56', '2025-11-15 13:15:56'),
(48, 'App\\Models\\User', 2, 'auth_token', '9500b670348c49dd7bad6e198d69b3d3e0404ad8ddf2cdba138468f08033cc5c', '[\"*\"]', NULL, NULL, '2025-11-15 13:17:07', '2025-11-15 13:17:07'),
(49, 'App\\Models\\User', 2, 'auth_token', '0e6259b0b075121d18d6ab318791c8a76e86e3cd1692ab6f6a18d0a78d4de592', '[\"*\"]', NULL, NULL, '2025-11-15 13:20:05', '2025-11-15 13:20:05'),
(50, 'App\\Models\\User', 2, 'auth_token', 'ad6f0a5d7f3497fa8e03e22d615505d423af86a360ed273c46cf5928ae45fc12', '[\"*\"]', '2025-11-15 14:17:31', NULL, '2025-11-15 13:58:00', '2025-11-15 14:17:31'),
(51, 'App\\Models\\User', 2, 'auth_token', 'f2da87358e002cfc575642ce2daaafd4cd5c8261314b80a9c4269f2417bdd804', '[\"*\"]', NULL, NULL, '2025-11-15 14:06:08', '2025-11-15 14:06:08'),
(52, 'App\\Models\\User', 2, 'auth_token', '030b52c8c33d364a9e3289cd0677521991302006849e80b038009f1f451d6068', '[\"*\"]', '2025-11-15 14:20:50', NULL, '2025-11-15 14:18:21', '2025-11-15 14:20:50'),
(53, 'App\\Models\\User', 2, 'auth_token', '1bb5ffaa9b618a696b15501fdda68cb166fddebd3e9c5b250322c96fc42e677b', '[\"*\"]', '2025-11-16 05:31:38', NULL, '2025-11-16 02:46:23', '2025-11-16 05:31:38'),
(54, 'App\\Models\\User', 2, 'auth_token', '1ccd2d3c6e4dc8ddcf8b60aa1532fc8b04847a1f7cc9249a9b7e4a37756ab2d5', '[\"*\"]', '2025-11-16 05:05:55', NULL, '2025-11-16 03:36:54', '2025-11-16 05:05:55'),
(55, 'App\\Models\\User', 2, 'auth_token', 'f50ab7563bdc9e535e8a59706e51f20c66b09f00468e0a0143bba8fadab6c9cd', '[\"*\"]', '2025-11-16 05:47:20', NULL, '2025-11-16 05:07:04', '2025-11-16 05:47:20'),
(56, 'App\\Models\\User', 2, 'auth_token', 'e999b5508d3daa8982fb94fae76f38c154cb7268bfa4d490cc34dad464309f31', '[\"*\"]', '2025-11-16 06:16:49', NULL, '2025-11-16 05:50:45', '2025-11-16 06:16:49'),
(57, 'App\\Models\\User', 2, 'auth_token', '818fee93d40c2a64bb5213d1acb476983ff3a8c6f70c829c564ad7b543435028', '[\"*\"]', '2025-11-16 06:17:28', NULL, '2025-11-16 06:17:02', '2025-11-16 06:17:28'),
(58, 'App\\Models\\User', 2, 'auth_token', 'd687a9feabf5e72850d6c1b0146925eb5b2240215488398434a00fc7c3566f0d', '[\"*\"]', '2025-11-16 07:17:18', NULL, '2025-11-16 06:19:58', '2025-11-16 07:17:18'),
(59, 'App\\Models\\User', 2, 'auth_token', '27e5e44422e3ef389ae76f20a540da4c639450b05e0494c6248ca3cce374b101', '[\"*\"]', '2025-11-16 07:18:54', NULL, '2025-11-16 07:13:30', '2025-11-16 07:18:54'),
(60, 'App\\Models\\User', 2, 'auth_token', 'a4f6dcc498e2387371436c6beacec862901cdd5d56a70c652db097a0d15df260', '[\"*\"]', '2025-11-16 08:32:19', NULL, '2025-11-16 07:20:12', '2025-11-16 08:32:19'),
(61, 'App\\Models\\User', 2, 'auth_token', '3d90447fe737db6a1b4df54dcc1b5e5947df7871788d670ae908d9751f93c051', '[\"*\"]', '2025-11-16 08:34:36', NULL, '2025-11-16 07:48:05', '2025-11-16 08:34:36'),
(62, 'App\\Models\\User', 2, 'auth_token', '4b766581663b6c16192e30fd6fd41cfca6da3096c3cbdbbb90c4d49b3ff75425', '[\"*\"]', '2025-11-16 10:02:32', NULL, '2025-11-16 08:36:00', '2025-11-16 10:02:32'),
(63, 'App\\Models\\User', 2, 'auth_token', '7d7fab1f136d2c3b577a11d8a1d9fb186a9358dc12ff36643cb60a78399c3805', '[\"*\"]', '2025-11-16 11:05:02', NULL, '2025-11-16 10:02:52', '2025-11-16 11:05:02'),
(64, 'App\\Models\\User', 2, 'auth_token', '54f8e5d4b1a20d564df8ba7fb763b4462fbfcf06cf52e92e29cf887c91c271ba', '[\"*\"]', '2025-11-17 04:37:22', NULL, '2025-11-17 04:37:01', '2025-11-17 04:37:22'),
(65, 'App\\Models\\User', 2, 'auth_token', 'aac84925a2cdb91d47c90a6b8e3ce6e02d1d67c3723fd5586c57d89a77ffa5e5', '[\"*\"]', '2025-11-17 12:53:37', NULL, '2025-11-17 09:46:32', '2025-11-17 12:53:37'),
(66, 'App\\Models\\User', 2, 'auth_token', '3d3d424b44e7f59d832e64ffbe480190c8a3bf24de09026245efca78231f7de4', '[\"*\"]', '2025-11-17 13:19:14', NULL, '2025-11-17 13:08:19', '2025-11-17 13:19:14'),
(67, 'App\\Models\\User', 2, 'auth_token', '35d3882c4a5f909855b22336ecd6b61c02e76cbc0877555bea16a370b4cad458', '[\"*\"]', '2025-11-17 13:52:13', NULL, '2025-11-17 13:40:50', '2025-11-17 13:52:13'),
(68, 'App\\Models\\User', 2, 'auth_token', 'c272186ca3decb20dedbbb9f69e9d04cb9f22f94678d003ed169c8a9b8292535', '[\"*\"]', '2025-11-18 12:15:07', NULL, '2025-11-17 13:53:50', '2025-11-18 12:15:07'),
(69, 'App\\Models\\User', 2, 'auth_token', '2965ac1759614277f2320ad54557d78535033c27772a8aa59f11390fa7d41a11', '[\"*\"]', '2025-11-18 08:07:15', NULL, '2025-11-18 06:46:37', '2025-11-18 08:07:15'),
(70, 'App\\Models\\User', 2, 'auth_token', 'd85494c34015f58ff4f01c317b2d7020fbad0f67d7bd1003f261c3346651fd49', '[\"*\"]', '2025-11-18 12:31:57', NULL, '2025-11-18 12:15:22', '2025-11-18 12:31:57'),
(71, 'App\\Models\\User', 2, 'auth_token', '5f906b6340b2e293bdb9b5f954d7bdbe9ae2ad44467b22f1805f5f66a23b29a3', '[\"*\"]', '2025-11-18 12:33:42', NULL, '2025-11-18 12:33:29', '2025-11-18 12:33:42'),
(72, 'App\\Models\\User', 2, 'auth_token', '1ae9e822e289be89955a4bf6f08436064eef4778d2b0df1d1399f95240f3f1bc', '[\"*\"]', '2025-11-18 13:01:23', NULL, '2025-11-18 12:34:54', '2025-11-18 13:01:23'),
(73, 'App\\Models\\User', 3, 'auth_token', 'ce474a5fd0d02df547e6f51a11290e7168499d44d7482df1bf9e901ff8fb13d4', '[\"*\"]', '2025-11-18 13:35:48', NULL, '2025-11-18 13:01:44', '2025-11-18 13:35:48'),
(74, 'App\\Models\\User', 2, 'auth_token', '7e6fb9fa3411487461a0f679704c6ca35941255e8b53ed2737e81e0e26c15a43', '[\"*\"]', '2025-11-22 03:52:53', NULL, '2025-11-18 13:36:19', '2025-11-22 03:52:53'),
(75, 'App\\Models\\User', 2, 'auth_token', '6fa88d028f7f70b733e44f2bcc3751e4a7e29727331e681ebc8d47d1294f5670', '[\"*\"]', '2025-11-20 13:40:20', NULL, '2025-11-20 12:37:22', '2025-11-20 13:40:20'),
(76, 'App\\Models\\User', 7, 'auth_token', 'af53a5fd306c021a01728f335c395d66f028b825baa9ec80571390bf810e3fba', '[\"*\"]', '2025-11-20 14:26:14', NULL, '2025-11-20 13:40:48', '2025-11-20 14:26:14'),
(77, 'App\\Models\\User', 7, 'auth_token', '397649c4888414c3f81995b5d7e148b54300bc982d4cb2020c01989149dffd08', '[\"*\"]', '2025-11-22 05:11:25', NULL, '2025-11-22 03:00:56', '2025-11-22 05:11:25'),
(78, 'App\\Models\\User', 2, 'auth_token', '348e52d867c31bcf5eb68e892f7fbee59d2a2b1453a5bbf64c76dbbf163641d0', '[\"*\"]', '2025-11-22 09:59:25', NULL, '2025-11-22 09:46:54', '2025-11-22 09:59:25'),
(79, 'App\\Models\\User', 7, 'auth_token', 'e7707efe6c409a21f341bad25798ccfdf35dce9c1dd9ae916058f264fa4e89f0', '[\"*\"]', '2025-11-22 10:22:28', NULL, '2025-11-22 10:00:37', '2025-11-22 10:22:28'),
(80, 'App\\Models\\User', 2, 'auth_token', '9fc55ebff2e6e28120c5112accf3e942bbe66ff9cc88c4c25b272374728b1dd9', '[\"*\"]', '2025-11-22 10:33:04', NULL, '2025-11-22 10:22:46', '2025-11-22 10:33:04'),
(81, 'App\\Models\\User', 7, 'auth_token', 'ae7f560b9e09ac48c89b725bf177dcde9a2f3af76014380b6daf4c9fb23ea124', '[\"*\"]', '2025-11-22 10:39:48', NULL, '2025-11-22 10:33:28', '2025-11-22 10:39:48'),
(82, 'App\\Models\\User', 7, 'auth_token', 'baf66a594cc70012dc6f35eb76f070fc32e73aade320324e4c6e8cc474f165e0', '[\"*\"]', '2025-11-22 10:40:18', NULL, '2025-11-22 10:40:13', '2025-11-22 10:40:18'),
(83, 'App\\Models\\User', 2, 'auth_token', '5846bc016e2b74985b6dd31b47ca64eff8dff908549a2d73add87166484d46ce', '[\"*\"]', '2025-11-22 10:41:22', NULL, '2025-11-22 10:41:04', '2025-11-22 10:41:22'),
(84, 'App\\Models\\User', 7, 'auth_token', 'c44fc2295bc01f0e1afc94dd10ad6a9bbb5fd29d764d7a4ca56dffa7bf567b38', '[\"*\"]', '2025-11-22 10:50:54', NULL, '2025-11-22 10:42:26', '2025-11-22 10:50:54'),
(85, 'App\\Models\\User', 2, 'auth_token', 'd3548917a2290c8a87c54a3f11db0ef80c8a9f545d121af04f5b5490fcd693f1', '[\"*\"]', '2025-11-22 10:54:01', NULL, '2025-11-22 10:53:42', '2025-11-22 10:54:01'),
(86, 'App\\Models\\User', 3, 'auth_token', 'c11fdf63c83ab793ab6268c53fcf49c108ad0385965784b93401b637f50b7015', '[\"*\"]', '2025-11-22 10:56:46', NULL, '2025-11-22 10:54:28', '2025-11-22 10:56:46'),
(87, 'App\\Models\\User', 7, 'auth_token', '18866e87fd0a86fe147d89255d014d408a88501c47729d522a8e0b33a63a42e5', '[\"*\"]', '2025-11-22 11:24:54', NULL, '2025-11-22 10:57:28', '2025-11-22 11:24:54');

-- --------------------------------------------------------

--
-- Table structure for table `reels`
--

CREATE TABLE `reels` (
  `id` bigint(20) UNSIGNED NOT NULL,
  `reel_no` varchar(255) NOT NULL,
  `paper_quality_id` bigint(20) UNSIGNED NOT NULL,
  `supplier_id` bigint(20) UNSIGNED NOT NULL,
  `reel_size` decimal(8,2) NOT NULL,
  `original_weight` decimal(10,2) NOT NULL,
  `balance_weight` decimal(10,2) NOT NULL,
  `status` enum('in_stock','partially_used','fully_used') NOT NULL DEFAULT 'in_stock',
  `created_at` timestamp NULL DEFAULT NULL,
  `updated_at` timestamp NULL DEFAULT NULL
) ENGINE=InnoDB DEFAULT CHARSET=utf8mb4 COLLATE=utf8mb4_unicode_ci;

--
-- Dumping data for table `reels`
--

INSERT INTO `reels` (`id`, `reel_no`, `paper_quality_id`, `supplier_id`, `reel_size`, `original_weight`, `balance_weight`, `status`, `created_at`, `updated_at`) VALUES
(1, 'RL2026000001', 11, 4, 42.00, 1503.00, 1503.00, 'in_stock', '2025-11-16 06:10:58', '2025-11-16 06:10:58'),
(2, 'RL2026000002', 8, 4, 44.00, 819.00, 819.00, 'in_stock', '2025-11-16 06:10:58', '2025-11-16 06:10:58'),
(3, 'RL2026000003', 3, 4, 32.00, 786.00, 786.00, 'in_stock', '2025-11-16 06:10:58', '2025-11-16 06:10:58'),
(4, 'RL2026000004', 3, 1, 37.00, 1513.00, 1513.00, 'in_stock', '2025-11-16 06:10:58', '2025-11-16 06:10:58'),
(5, 'RL2026000005', 2, 5, 27.00, 1088.00, 0.00, 'fully_used', '2025-11-16 06:10:58', '2025-11-16 10:06:17'),
(6, 'RL2026000006', 3, 5, 33.00, 1363.00, 1363.00, 'in_stock', '2025-11-16 06:10:58', '2025-11-16 06:10:58'),
(7, 'RL2026000007', 1, 1, 42.00, 696.00, 300.00, 'partially_used', '2025-11-16 06:10:58', '2025-11-16 10:54:39'),
(8, 'RL2026000008', 3, 3, 49.00, 1134.00, 1134.00, 'in_stock', '2025-11-16 06:10:58', '2025-11-16 06:10:58'),
(9, 'RL2026000009', 5, 4, 30.00, 1056.00, 1056.00, 'in_stock', '2025-11-16 06:10:58', '2025-11-16 06:10:58'),
(10, 'RL2026000010', 3, 1, 37.00, 722.00, 722.00, 'in_stock', '2025-11-16 06:10:58', '2025-11-16 06:10:58'),
(11, 'RL2026000011', 10, 3, 32.00, 1302.00, 1302.00, 'in_stock', '2025-11-16 06:10:58', '2025-11-16 06:10:58'),
(12, 'RL2026000012', 13, 4, 46.00, 1338.00, 1338.00, 'in_stock', '2025-11-16 06:10:58', '2025-11-16 06:10:58'),
(13, 'RL2026000013', 4, 4, 49.00, 714.00, 714.00, 'in_stock', '2025-11-16 06:10:58', '2025-11-16 06:10:58'),
(14, 'RL2026000014', 3, 3, 39.00, 1204.00, 1204.00, 'in_stock', '2025-11-16 06:10:58', '2025-11-16 06:10:58'),
(15, 'RL2026000015', 12, 2, 28.00, 1045.00, 1045.00, 'in_stock', '2025-11-16 06:10:58', '2025-11-16 06:10:58'),
(16, 'RL2026000016', 8, 3, 50.00, 815.00, 815.00, 'in_stock', '2025-11-16 06:10:58', '2025-11-16 06:10:58'),
(17, 'RL2026000017', 10, 3, 37.00, 968.00, 968.00, 'in_stock', '2025-11-16 06:10:59', '2025-11-16 06:10:59'),
(18, 'RL2026000018', 12, 1, 27.00, 765.00, 765.00, 'in_stock', '2025-11-16 06:10:59', '2025-11-16 06:10:59'),
(19, 'RL2026000019', 9, 4, 45.00, 1026.00, 1026.00, 'in_stock', '2025-11-16 06:10:59', '2025-11-16 06:10:59'),
(20, 'RL2026000020', 1, 4, 33.00, 950.00, 950.00, 'in_stock', '2025-11-16 06:10:59', '2025-11-16 06:10:59'),
(21, 'RL2026000021', 14, 4, 32.00, 1266.00, 1266.00, 'in_stock', '2025-11-16 06:10:59', '2025-11-16 06:10:59'),
(22, 'RL2026000022', 11, 2, 27.00, 987.00, 987.00, 'in_stock', '2025-11-16 06:10:59', '2025-11-16 06:10:59'),
(23, 'RL2026000023', 17, 4, 48.00, 1542.00, 1542.00, 'in_stock', '2025-11-16 06:10:59', '2025-11-16 06:10:59'),
(24, 'RL2026000024', 21, 2, 31.00, 1177.00, 1177.00, 'in_stock', '2025-11-16 06:10:59', '2025-11-16 06:10:59'),
(25, 'RL2026000025', 10, 2, 45.00, 793.00, 793.00, 'in_stock', '2025-11-16 06:10:59', '2025-11-16 06:10:59'),
(26, 'RL2026000026', 7, 2, 49.00, 1280.00, 1280.00, 'in_stock', '2025-11-16 06:10:59', '2025-11-16 06:10:59'),
(27, 'RL2026000027', 14, 2, 45.00, 812.00, 812.00, 'in_stock', '2025-11-16 06:10:59', '2025-11-16 06:10:59'),
(28, 'RL2026000028', 13, 2, 28.00, 1427.00, 1427.00, 'in_stock', '2025-11-16 06:10:59', '2025-11-16 06:10:59'),
(29, 'RL2026000029', 8, 3, 34.00, 1262.00, 1262.00, 'in_stock', '2025-11-16 06:10:59', '2025-11-16 06:10:59'),
(30, 'RL2026000030', 5, 1, 28.00, 906.00, 906.00, 'in_stock', '2025-11-16 06:10:59', '2025-11-16 06:10:59'),
(31, 'RL2026000031', 17, 2, 32.00, 949.00, 949.00, 'in_stock', '2025-11-16 06:10:59', '2025-11-16 06:10:59'),
(32, 'RL2026000032', 3, 2, 37.00, 978.00, 978.00, 'in_stock', '2025-11-16 06:10:59', '2025-11-16 06:10:59'),
(33, 'RL2026000033', 8, 4, 49.00, 849.00, 849.00, 'in_stock', '2025-11-16 06:10:59', '2025-11-16 06:10:59'),
(34, 'RL2026000034', 1, 4, 28.00, 1233.00, 1233.00, 'in_stock', '2025-11-16 06:10:59', '2025-11-16 06:10:59'),
(35, 'RL2026000035', 20, 5, 33.00, 1334.00, 1334.00, 'in_stock', '2025-11-16 06:10:59', '2025-11-16 06:10:59'),
(36, 'RL2026000036', 14, 1, 41.00, 1201.00, 1201.00, 'in_stock', '2025-11-16 06:10:59', '2025-11-16 06:10:59'),
(37, 'RL2026000037', 15, 3, 31.00, 821.00, 821.00, 'in_stock', '2025-11-16 06:10:59', '2025-11-16 06:10:59'),
(38, 'RL2026000038', 10, 3, 46.00, 1209.00, 1209.00, 'in_stock', '2025-11-16 06:10:59', '2025-11-16 06:10:59'),
(39, 'RL2026000039', 11, 1, 37.00, 1550.00, 1550.00, 'in_stock', '2025-11-16 06:10:59', '2025-11-16 06:10:59'),
(40, 'RL2026000040', 11, 5, 32.00, 977.00, 977.00, 'in_stock', '2025-11-16 06:10:59', '2025-11-16 06:10:59'),
(41, 'RL2026000041', 1, 3, 28.00, 1167.00, 1167.00, 'in_stock', '2025-11-16 06:10:59', '2025-11-16 06:10:59'),
(42, 'RL2026000042', 12, 2, 37.00, 667.00, 667.00, 'in_stock', '2025-11-16 06:10:59', '2025-11-16 06:10:59'),
(43, 'RL2026000043', 8, 4, 39.00, 1060.00, 0.00, 'fully_used', '2025-11-16 06:10:59', '2025-11-17 11:26:03'),
(44, 'RL2026000044', 3, 5, 43.00, 968.00, 968.00, 'in_stock', '2025-11-16 06:10:59', '2025-11-16 06:10:59'),
(45, 'RL2026000045', 2, 1, 43.00, 1462.00, 1462.00, 'in_stock', '2025-11-16 06:10:59', '2025-11-16 06:10:59'),
(46, 'RL2026000046', 4, 3, 37.00, 1391.00, 1391.00, 'in_stock', '2025-11-16 06:10:59', '2025-11-16 06:10:59'),
(47, 'RL2026000047', 10, 5, 34.00, 1441.00, 1441.00, 'in_stock', '2025-11-16 06:10:59', '2025-11-16 06:10:59'),
(48, 'RL2026000048', 8, 3, 29.00, 664.00, 664.00, 'in_stock', '2025-11-16 06:10:59', '2025-11-16 06:10:59'),
(49, 'RL2026000049', 3, 2, 36.00, 851.00, 851.00, 'in_stock', '2025-11-16 06:10:59', '2025-11-16 06:10:59'),
(50, 'RL2026000050', 5, 2, 29.00, 914.00, 914.00, 'in_stock', '2025-11-16 06:10:59', '2025-11-16 06:10:59'),
(51, 'RL2026000051', 11, 4, 40.00, 1331.00, 1331.00, 'in_stock', '2025-11-16 06:10:59', '2025-11-16 06:10:59'),
(52, 'RL2026000052', 16, 1, 28.00, 1066.00, 1066.00, 'in_stock', '2025-11-16 06:10:59', '2025-11-16 06:10:59'),
(53, 'RL2026000053', 2, 5, 30.00, 1424.00, 1424.00, 'in_stock', '2025-11-16 06:10:59', '2025-11-16 06:10:59'),
(54, 'RL2026000054', 13, 3, 41.00, 800.00, 800.00, 'in_stock', '2025-11-16 06:10:59', '2025-11-16 06:10:59'),
(55, 'RL2026000055', 4, 2, 38.00, 1537.00, 1537.00, 'in_stock', '2025-11-16 06:10:59', '2025-11-16 06:10:59'),
(56, 'RL2026000056', 15, 2, 50.00, 1438.00, 1438.00, 'in_stock', '2025-11-16 06:10:59', '2025-11-16 06:10:59'),
(57, 'RL2026000057', 16, 2, 41.00, 855.00, 855.00, 'in_stock', '2025-11-16 06:10:59', '2025-11-16 06:10:59'),
(58, 'RL2026000058', 21, 4, 48.00, 664.00, 664.00, 'in_stock', '2025-11-16 06:10:59', '2025-11-16 06:10:59'),
(59, 'RL2026000059', 4, 2, 39.00, 773.00, 773.00, 'in_stock', '2025-11-16 06:10:59', '2025-11-16 06:10:59'),
(60, 'RL2026000060', 21, 4, 43.00, 942.00, 942.00, 'in_stock', '2025-11-16 06:10:59', '2025-11-16 06:10:59'),
(61, 'RL2026000061', 20, 1, 37.00, 1544.00, 1544.00, 'in_stock', '2025-11-16 06:10:59', '2025-11-16 06:10:59'),
(62, 'RL2026000062', 21, 3, 39.00, 1421.00, 1421.00, 'in_stock', '2025-11-16 06:10:59', '2025-11-16 06:10:59'),
(63, 'RL2026000063', 5, 1, 32.00, 1335.00, 1335.00, 'in_stock', '2025-11-16 06:10:59', '2025-11-16 06:10:59'),
(64, 'RL2026000064', 5, 2, 46.00, 878.00, 878.00, 'in_stock', '2025-11-16 06:10:59', '2025-11-16 06:10:59'),
(65, 'RL2026000065', 8, 5, 37.00, 1308.00, 1308.00, 'in_stock', '2025-11-16 06:10:59', '2025-11-16 06:10:59'),
(66, 'RL2026000066', 11, 2, 48.00, 1451.00, 1451.00, 'in_stock', '2025-11-16 06:10:59', '2025-11-16 06:10:59'),
(67, 'RL2026000067', 1, 5, 40.00, 1493.00, 1493.00, 'in_stock', '2025-11-16 06:10:59', '2025-11-16 06:10:59'),
(68, 'RL2026000068', 1, 5, 50.00, 702.00, 702.00, 'in_stock', '2025-11-16 06:10:59', '2025-11-16 06:10:59'),
(69, 'RL2026000069', 16, 3, 40.00, 1551.00, 1551.00, 'in_stock', '2025-11-16 06:10:59', '2025-11-16 06:10:59'),
(70, 'RL2026000070', 5, 2, 43.00, 916.00, 916.00, 'in_stock', '2025-11-16 06:10:59', '2025-11-16 06:10:59'),
(71, 'RL2026000071', 13, 3, 47.00, 1440.00, 1440.00, 'in_stock', '2025-11-16 06:10:59', '2025-11-16 06:10:59'),
(72, 'RL2026000072', 12, 3, 46.00, 807.00, 807.00, 'in_stock', '2025-11-16 06:10:59', '2025-11-16 06:10:59'),
(73, 'RL2026000073', 2, 4, 35.00, 1055.00, 1055.00, 'in_stock', '2025-11-16 06:10:59', '2025-11-16 06:10:59'),
(74, 'RL2026000074', 6, 1, 48.00, 908.00, 908.00, 'in_stock', '2025-11-16 06:10:59', '2025-11-16 06:10:59'),
(75, 'RL2026000075', 14, 5, 27.00, 1509.00, 1509.00, 'in_stock', '2025-11-16 06:10:59', '2025-11-16 06:10:59'),
(76, 'RL2026000076', 21, 3, 44.00, 1296.00, 1296.00, 'in_stock', '2025-11-16 06:10:59', '2025-11-16 06:10:59'),
(77, 'RL2026000077', 6, 2, 33.00, 957.00, 957.00, 'in_stock', '2025-11-16 06:10:59', '2025-11-16 06:10:59'),
(78, 'RL2026000078', 9, 5, 35.00, 799.00, 799.00, 'in_stock', '2025-11-16 06:10:59', '2025-11-16 06:10:59'),
(79, 'RL2026000079', 6, 5, 50.00, 1312.00, 1312.00, 'in_stock', '2025-11-16 06:10:59', '2025-11-16 06:10:59'),
(80, 'RL2026000080', 7, 1, 27.00, 717.00, 717.00, 'in_stock', '2025-11-16 06:10:59', '2025-11-16 06:10:59'),
(81, 'RL2026000081', 14, 4, 28.00, 1010.00, 1010.00, 'in_stock', '2025-11-16 06:10:59', '2025-11-16 06:10:59'),
(82, 'RL2026000082', 6, 4, 47.00, 917.00, 917.00, 'in_stock', '2025-11-16 06:10:59', '2025-11-16 06:10:59'),
(83, 'RL2026000083', 20, 1, 29.00, 719.00, 719.00, 'in_stock', '2025-11-16 06:10:59', '2025-11-16 06:10:59'),
(84, 'RL2026000084', 14, 1, 48.00, 1475.00, 1475.00, 'in_stock', '2025-11-16 06:10:59', '2025-11-16 06:10:59'),
(85, 'RL2026000085', 9, 5, 35.00, 691.00, 691.00, 'in_stock', '2025-11-16 06:10:59', '2025-11-16 06:10:59'),
(86, 'RL2026000086', 10, 3, 31.00, 1484.00, 1484.00, 'in_stock', '2025-11-16 06:10:59', '2025-11-16 06:10:59'),
(87, 'RL2026000087', 6, 3, 50.00, 853.00, 853.00, 'in_stock', '2025-11-16 06:10:59', '2025-11-16 06:10:59'),
(88, 'RL2026000088', 16, 5, 45.00, 1471.00, 1471.00, 'in_stock', '2025-11-16 06:10:59', '2025-11-16 06:10:59'),
(89, 'RL2026000089', 12, 3, 28.00, 1307.00, 1307.00, 'in_stock', '2025-11-16 06:10:59', '2025-11-16 06:10:59'),
(90, 'RL2026000090', 10, 5, 43.00, 1160.00, 1160.00, 'in_stock', '2025-11-16 06:10:59', '2025-11-16 06:10:59'),
(91, 'RL2026000091', 4, 4, 32.00, 1532.00, 1532.00, 'in_stock', '2025-11-16 06:10:59', '2025-11-16 06:10:59'),
(92, 'RL2026000092', 6, 1, 48.00, 1445.00, 1445.00, 'in_stock', '2025-11-16 06:10:59', '2025-11-16 06:10:59'),
(93, 'RL2026000093', 13, 3, 45.00, 998.00, 998.00, 'in_stock', '2025-11-16 06:10:59', '2025-11-16 06:10:59'),
(94, 'RL2026000094', 1, 3, 42.00, 1360.00, 1360.00, 'in_stock', '2025-11-16 06:10:59', '2025-11-16 06:10:59'),
(95, 'RL2026000095', 1, 5, 28.00, 1259.00, 1259.00, 'in_stock', '2025-11-16 06:10:59', '2025-11-16 06:10:59'),
(96, 'RL2026000096', 8, 2, 45.00, 1110.00, 1110.00, 'in_stock', '2025-11-16 06:10:59', '2025-11-16 06:10:59'),
(97, 'RL2026000097', 7, 4, 43.00, 1528.00, 1528.00, 'in_stock', '2025-11-16 06:10:59', '2025-11-16 06:10:59'),
(98, 'RL2026000098', 6, 3, 33.00, 1552.00, 0.00, 'fully_used', '2025-11-16 06:10:59', '2025-11-17 12:27:12'),
(99, 'RL2026000099', 6, 4, 50.00, 910.00, 910.00, 'in_stock', '2025-11-16 06:10:59', '2025-11-16 06:10:59'),
(100, 'RL2026000100', 14, 4, 36.00, 970.00, 970.00, 'in_stock', '2025-11-16 06:10:59', '2025-11-16 06:10:59'),
(101, 'RL2026000101', 7, 4, 34.00, 1199.00, 1199.00, 'in_stock', '2025-11-16 06:10:59', '2025-11-16 06:10:59'),
(102, 'RL2026000102', 9, 3, 45.00, 1014.00, 1014.00, 'in_stock', '2025-11-16 06:10:59', '2025-11-16 06:10:59'),
(103, 'RL2026000103', 21, 4, 50.00, 1443.00, 1443.00, 'in_stock', '2025-11-16 06:10:59', '2025-11-16 06:10:59'),
(104, 'RL2026000104', 9, 3, 28.00, 1010.00, 1010.00, 'in_stock', '2025-11-16 06:10:59', '2025-11-16 06:10:59'),
(105, 'RL2026000105', 9, 4, 28.00, 948.00, 948.00, 'in_stock', '2025-11-16 06:10:59', '2025-11-16 06:10:59'),
(106, 'RL2026000106', 21, 2, 33.00, 1522.00, 1522.00, 'in_stock', '2025-11-16 06:10:59', '2025-11-16 06:10:59'),
(107, 'RL2026000107', 6, 1, 39.00, 708.00, 708.00, 'in_stock', '2025-11-16 06:10:59', '2025-11-16 06:10:59'),
(108, 'RL2026000108', 6, 3, 35.00, 1438.00, 1438.00, 'in_stock', '2025-11-16 06:10:59', '2025-11-16 06:10:59'),
(109, 'RL2026000109', 21, 2, 35.00, 1163.00, 1163.00, 'in_stock', '2025-11-16 06:10:59', '2025-11-16 06:10:59'),
(110, 'RL2026000110', 8, 3, 50.00, 865.00, 865.00, 'in_stock', '2025-11-16 06:10:59', '2025-11-16 06:10:59'),
(111, 'RL2026000111', 5, 5, 30.00, 896.00, 896.00, 'in_stock', '2025-11-16 06:10:59', '2025-11-16 06:10:59'),
(112, 'RL2026000112', 6, 4, 50.00, 1069.00, 1069.00, 'in_stock', '2025-11-16 06:10:59', '2025-11-16 06:10:59'),
(113, 'RL2026000113', 2, 1, 39.00, 1351.00, 1351.00, 'in_stock', '2025-11-16 06:10:59', '2025-11-16 06:10:59'),
(114, 'RL2026000114', 21, 4, 33.00, 945.00, 945.00, 'in_stock', '2025-11-16 06:10:59', '2025-11-16 06:10:59'),
(115, 'RL2026000115', 17, 2, 50.00, 994.00, 994.00, 'in_stock', '2025-11-16 06:10:59', '2025-11-16 06:10:59'),
(116, 'RL2026000116', 6, 1, 45.00, 706.00, 706.00, 'in_stock', '2025-11-16 06:10:59', '2025-11-16 06:10:59'),
(117, 'RL2026000117', 5, 5, 27.00, 1346.00, 1346.00, 'in_stock', '2025-11-16 06:10:59', '2025-11-16 06:10:59'),
(118, 'RL2026000118', 15, 5, 48.00, 1018.00, 1018.00, 'in_stock', '2025-11-16 06:10:59', '2025-11-16 06:10:59'),
(119, 'RL2026000119', 14, 1, 45.00, 1394.00, 1394.00, 'in_stock', '2025-11-16 06:10:59', '2025-11-16 06:10:59'),
(120, 'RL2026000120', 10, 4, 50.00, 714.00, 714.00, 'in_stock', '2025-11-16 06:10:59', '2025-11-16 06:10:59'),
(121, 'RL2026000121', 4, 3, 34.00, 894.00, 894.00, 'in_stock', '2025-11-16 06:10:59', '2025-11-16 06:10:59'),
(122, 'RL2026000122', 17, 5, 31.00, 667.00, 667.00, 'in_stock', '2025-11-16 06:10:59', '2025-11-16 06:10:59'),
(123, 'RL2026000123', 20, 3, 31.00, 694.00, 694.00, 'in_stock', '2025-11-16 06:10:59', '2025-11-16 06:10:59'),
(124, 'RL2026000124', 17, 5, 34.00, 753.00, 753.00, 'in_stock', '2025-11-16 06:10:59', '2025-11-16 06:10:59'),
(125, 'RL2026000125', 15, 4, 34.00, 835.00, 835.00, 'in_stock', '2025-11-16 06:10:59', '2025-11-16 06:10:59'),
(126, 'RL2026000126', 12, 3, 31.00, 723.00, 723.00, 'in_stock', '2025-11-16 06:10:59', '2025-11-16 06:10:59'),
(127, 'RL2026000127', 3, 5, 43.00, 859.00, 859.00, 'in_stock', '2025-11-16 06:10:59', '2025-11-16 06:10:59'),
(128, 'RL2026000128', 5, 4, 49.00, 1407.00, 1407.00, 'in_stock', '2025-11-16 06:10:59', '2025-11-16 06:10:59'),
(129, 'RL2026000129', 1, 1, 49.00, 1094.00, 1094.00, 'in_stock', '2025-11-16 06:10:59', '2025-11-16 06:10:59'),
(130, 'RL2026000130', 1, 3, 40.00, 1133.00, 1133.00, 'in_stock', '2025-11-16 06:10:59', '2025-11-16 06:10:59'),
(131, 'RL2026000131', 15, 5, 44.00, 774.00, 774.00, 'in_stock', '2025-11-16 06:10:59', '2025-11-16 06:10:59'),
(132, 'RL2026000132', 1, 5, 31.00, 951.00, 951.00, 'in_stock', '2025-11-16 06:10:59', '2025-11-16 06:10:59'),
(133, 'RL2026000133', 13, 4, 26.00, 779.00, 779.00, 'in_stock', '2025-11-16 06:10:59', '2025-11-16 06:10:59'),
(134, 'RL2026000134', 14, 3, 47.00, 1224.00, 1224.00, 'in_stock', '2025-11-16 06:10:59', '2025-11-16 06:10:59'),
(135, 'RL2026000135', 6, 1, 27.00, 1161.00, 1161.00, 'in_stock', '2025-11-16 06:10:59', '2025-11-16 06:10:59'),
(136, 'RL2026000136', 2, 4, 29.00, 1441.00, 1441.00, 'in_stock', '2025-11-16 06:10:59', '2025-11-16 06:10:59'),
(137, 'RL2026000137', 2, 4, 40.00, 1311.00, 1311.00, 'in_stock', '2025-11-16 06:10:59', '2025-11-16 06:10:59'),
(138, 'RL2026000138', 13, 1, 27.00, 875.00, 875.00, 'in_stock', '2025-11-16 06:10:59', '2025-11-16 06:10:59'),
(139, 'RL2026000139', 13, 3, 47.00, 1145.00, 1145.00, 'in_stock', '2025-11-16 06:10:59', '2025-11-16 06:10:59'),
(140, 'RL2026000140', 10, 5, 47.00, 1281.00, 1281.00, 'in_stock', '2025-11-16 06:10:59', '2025-11-16 06:10:59'),
(141, 'RL2026000141', 4, 1, 46.00, 1538.00, 1538.00, 'in_stock', '2025-11-16 06:10:59', '2025-11-16 06:10:59'),
(142, 'RL2026000142', 8, 3, 33.00, 1163.00, 1163.00, 'in_stock', '2025-11-16 06:10:59', '2025-11-16 06:10:59'),
(143, 'RL2026000143', 11, 5, 37.00, 1284.00, 1284.00, 'in_stock', '2025-11-16 06:10:59', '2025-11-16 06:10:59'),
(144, 'RL2026000144', 7, 5, 42.00, 1263.00, 1263.00, 'in_stock', '2025-11-16 06:10:59', '2025-11-16 06:10:59'),
(145, 'RL2026000145', 6, 2, 48.00, 1518.00, 1518.00, 'in_stock', '2025-11-16 06:10:59', '2025-11-16 06:10:59'),
(146, 'RL2026000146', 2, 4, 36.00, 1010.00, 1010.00, 'in_stock', '2025-11-16 06:10:59', '2025-11-16 06:10:59'),
(147, 'RL2026000147', 1, 2, 43.00, 1412.00, 1412.00, 'in_stock', '2025-11-16 06:10:59', '2025-11-16 06:10:59'),
(148, 'RL2026000148', 6, 4, 38.00, 778.00, 778.00, 'in_stock', '2025-11-16 06:10:59', '2025-11-16 06:10:59'),
(149, 'RL2026000149', 17, 4, 26.00, 1105.00, 1105.00, 'in_stock', '2025-11-16 06:10:59', '2025-11-16 06:10:59'),
(150, 'RL2026000150', 20, 2, 39.00, 1165.00, 1165.00, 'in_stock', '2025-11-16 06:10:59', '2025-11-16 06:10:59'),
(151, 'RL2026000151', 11, 4, 29.00, 1357.00, 1357.00, 'in_stock', '2025-11-16 06:10:59', '2025-11-16 06:10:59'),
(152, 'RL2026000152', 2, 5, 34.00, 1004.00, 1004.00, 'in_stock', '2025-11-16 06:10:59', '2025-11-16 06:10:59'),
(153, 'RL2026000153', 14, 5, 36.00, 1210.00, 1210.00, 'in_stock', '2025-11-16 06:10:59', '2025-11-16 06:10:59'),
(154, 'RL2026000154', 2, 5, 43.00, 749.00, 749.00, 'in_stock', '2025-11-16 06:10:59', '2025-11-16 06:10:59'),
(155, 'RL2026000155', 4, 2, 27.00, 702.00, 702.00, 'in_stock', '2025-11-16 06:10:59', '2025-11-16 06:10:59'),
(156, 'RL2026000156', 16, 1, 41.00, 1512.00, 1512.00, 'in_stock', '2025-11-16 06:10:59', '2025-11-16 06:10:59'),
(157, 'RL2026000157', 15, 2, 35.00, 723.00, 723.00, 'in_stock', '2025-11-16 06:10:59', '2025-11-16 06:10:59'),
(158, 'RL2026000158', 20, 2, 27.00, 1367.00, 1367.00, 'in_stock', '2025-11-16 06:10:59', '2025-11-16 06:10:59'),
(159, 'RL2026000159', 21, 3, 48.00, 1460.00, 1460.00, 'in_stock', '2025-11-16 06:10:59', '2025-11-16 06:10:59'),
(160, 'RL2026000160', 17, 3, 46.00, 1077.00, 1077.00, 'in_stock', '2025-11-16 06:10:59', '2025-11-16 06:10:59'),
(161, 'RL2026000161', 6, 3, 30.00, 920.00, 920.00, 'in_stock', '2025-11-16 06:10:59', '2025-11-16 06:10:59'),
(162, 'RL2026000162', 11, 4, 37.00, 1503.00, 1503.00, 'in_stock', '2025-11-16 06:10:59', '2025-11-16 06:10:59'),
(163, 'RL2026000163', 16, 3, 28.00, 1122.00, 1122.00, 'in_stock', '2025-11-16 06:10:59', '2025-11-16 06:10:59'),
(164, 'RL2026000164', 20, 3, 26.00, 819.00, 819.00, 'in_stock', '2025-11-16 06:10:59', '2025-11-16 06:10:59'),
(165, 'RL2026000165', 10, 4, 48.00, 1191.00, 1191.00, 'in_stock', '2025-11-16 06:10:59', '2025-11-16 06:10:59'),
(166, 'RL2026000166', 11, 3, 32.00, 997.00, 997.00, 'in_stock', '2025-11-16 06:10:59', '2025-11-16 06:10:59'),
(167, 'RL2026000167', 9, 4, 41.00, 1012.00, 1012.00, 'in_stock', '2025-11-16 06:10:59', '2025-11-16 06:10:59'),
(168, 'RL2026000168', 7, 1, 47.00, 745.00, 745.00, 'in_stock', '2025-11-16 06:10:59', '2025-11-16 06:10:59'),
(169, 'RL2026000169', 1, 1, 31.00, 1511.00, 1511.00, 'in_stock', '2025-11-16 06:10:59', '2025-11-16 06:10:59'),
(170, 'RL2026000170', 3, 5, 40.00, 1530.00, 1530.00, 'in_stock', '2025-11-16 06:10:59', '2025-11-16 06:10:59'),
(171, 'RL2026000171', 14, 4, 45.00, 1500.00, 1500.00, 'in_stock', '2025-11-16 06:10:59', '2025-11-16 06:10:59'),
(172, 'RL2026000172', 16, 2, 29.00, 1053.00, 1053.00, 'in_stock', '2025-11-16 06:10:59', '2025-11-16 06:10:59'),
(173, 'RL2026000173', 5, 2, 49.00, 1342.00, 1342.00, 'in_stock', '2025-11-16 06:10:59', '2025-11-16 06:10:59'),
(174, 'RL2026000174', 16, 3, 37.00, 711.00, 711.00, 'in_stock', '2025-11-16 06:10:59', '2025-11-16 06:10:59'),
(175, 'RL2026000175', 1, 1, 33.00, 1296.00, 1296.00, 'in_stock', '2025-11-16 06:10:59', '2025-11-16 06:10:59'),
(176, 'RL2026000176', 9, 2, 48.00, 673.00, 673.00, 'in_stock', '2025-11-16 06:10:59', '2025-11-16 06:10:59'),
(177, 'RL2026000177', 10, 5, 45.00, 717.00, 717.00, 'in_stock', '2025-11-16 06:11:00', '2025-11-16 06:11:00'),
(178, 'RL2026000178', 20, 1, 41.00, 908.00, 908.00, 'in_stock', '2025-11-16 06:11:00', '2025-11-16 06:11:00'),
(179, 'RL2026000179', 10, 5, 47.00, 711.00, 711.00, 'in_stock', '2025-11-16 06:11:00', '2025-11-16 06:11:00'),
(180, 'RL2026000180', 13, 2, 43.00, 1206.00, 1206.00, 'in_stock', '2025-11-16 06:11:00', '2025-11-16 06:11:00'),
(181, 'RL2026000181', 9, 4, 27.00, 1077.00, 1077.00, 'in_stock', '2025-11-16 06:11:00', '2025-11-16 06:11:00'),
(182, 'RL2026000182', 13, 4, 34.00, 1030.00, 1030.00, 'in_stock', '2025-11-16 06:11:00', '2025-11-16 06:11:00'),
(183, 'RL2026000183', 11, 2, 38.00, 1282.00, 1282.00, 'in_stock', '2025-11-16 06:11:00', '2025-11-16 06:11:00'),
(184, 'RL2026000184', 3, 1, 35.00, 1286.00, 1286.00, 'in_stock', '2025-11-16 06:11:00', '2025-11-16 06:11:00'),
(185, 'RL2026000185', 15, 3, 33.00, 1020.00, 1020.00, 'in_stock', '2025-11-16 06:11:00', '2025-11-16 06:11:00'),
(186, 'RL2026000186', 16, 1, 38.00, 1341.00, 1341.00, 'in_stock', '2025-11-16 06:11:00', '2025-11-16 06:11:00'),
(187, 'RL2026000187', 4, 4, 41.00, 1572.00, 0.00, 'fully_used', '2025-11-16 06:11:00', '2025-11-17 12:49:27'),
(188, 'RL2026000188', 16, 4, 27.00, 1114.00, 1114.00, 'in_stock', '2025-11-16 06:11:00', '2025-11-16 06:11:00'),
(189, 'RL2026000189', 17, 1, 33.00, 1492.00, 1492.00, 'in_stock', '2025-11-16 06:11:00', '2025-11-16 06:11:00'),
(190, 'RL2026000190', 14, 2, 44.00, 926.00, 926.00, 'in_stock', '2025-11-16 06:11:00', '2025-11-16 06:11:00'),
(191, 'RL2026000191', 12, 4, 27.00, 961.00, 961.00, 'in_stock', '2025-11-16 06:11:00', '2025-11-16 06:11:00'),
(192, 'RL2026000192', 20, 5, 39.00, 1121.00, 1121.00, 'in_stock', '2025-11-16 06:11:00', '2025-11-16 06:11:00'),
(193, 'RL2026000193', 17, 5, 46.00, 1046.00, 1046.00, 'in_stock', '2025-11-16 06:11:00', '2025-11-16 06:11:00'),
(194, 'RL2026000194', 14, 4, 50.00, 1442.00, 1442.00, 'in_stock', '2025-11-16 06:11:00', '2025-11-16 06:11:00'),
(195, 'RL2026000195', 9, 2, 36.00, 1504.00, 1504.00, 'in_stock', '2025-11-16 06:11:00', '2025-11-16 06:11:00'),
(196, 'RL2026000196', 14, 1, 36.00, 669.00, 669.00, 'in_stock', '2025-11-16 06:11:00', '2025-11-16 06:11:00'),
(197, 'RL2026000197', 16, 5, 39.00, 1373.00, 1373.00, 'in_stock', '2025-11-16 06:11:00', '2025-11-16 06:11:00'),
(198, 'RL2026000198', 15, 5, 31.00, 807.00, 807.00, 'in_stock', '2025-11-16 06:11:00', '2025-11-16 06:11:00'),
(199, 'RL2026000199', 1, 3, 38.00, 1310.00, 1310.00, 'in_stock', '2025-11-16 06:11:00', '2025-11-16 06:11:00'),
(200, 'RL2026000200', 2, 1, 38.00, 1248.00, 1248.00, 'in_stock', '2025-11-16 06:11:00', '2025-11-16 06:11:00'),
(201, 'RL2026000201', 7, 2, 40.00, 1170.00, 1170.00, 'in_stock', '2025-11-16 06:11:00', '2025-11-16 06:11:00'),
(202, 'RL2026000202', 2, 1, 50.00, 1391.00, 1391.00, 'in_stock', '2025-11-16 06:11:00', '2025-11-16 06:11:00'),
(203, 'RL2026000203', 21, 3, 30.00, 1047.00, 1047.00, 'in_stock', '2025-11-16 06:11:00', '2025-11-16 06:11:00'),
(204, 'RL2026000204', 7, 4, 43.00, 1495.00, 1495.00, 'in_stock', '2025-11-16 06:11:00', '2025-11-16 06:11:00'),
(205, 'RL2026000205', 9, 5, 49.00, 953.00, 953.00, 'in_stock', '2025-11-16 06:11:00', '2025-11-16 06:11:00'),
(206, 'RL2026000206', 8, 5, 36.00, 1127.00, 1127.00, 'in_stock', '2025-11-16 06:11:00', '2025-11-16 06:11:00'),
(207, 'RL2026000207', 8, 5, 40.00, 1475.00, 1475.00, 'in_stock', '2025-11-16 06:11:00', '2025-11-16 06:11:00'),
(208, 'RL2026000208', 5, 1, 28.00, 692.00, 692.00, 'in_stock', '2025-11-16 06:11:00', '2025-11-16 06:11:00'),
(209, 'RL2026000209', 20, 2, 34.00, 704.00, 704.00, 'in_stock', '2025-11-16 06:11:00', '2025-11-16 06:11:00'),
(210, 'RL2026000210', 8, 5, 43.00, 828.00, 828.00, 'in_stock', '2025-11-16 06:11:00', '2025-11-16 06:11:00'),
(211, 'RL2026000211', 8, 5, 48.00, 1523.00, 1523.00, 'in_stock', '2025-11-16 06:11:00', '2025-11-16 06:11:00'),
(212, 'RL2026000212', 8, 2, 27.00, 980.00, 980.00, 'in_stock', '2025-11-16 06:11:00', '2025-11-16 06:11:00'),
(213, 'RL2026000213', 5, 2, 46.00, 1329.00, 1329.00, 'in_stock', '2025-11-16 06:11:00', '2025-11-16 06:11:00'),
(214, 'RL2026000214', 3, 4, 38.00, 1368.00, 1368.00, 'in_stock', '2025-11-16 06:11:00', '2025-11-16 06:11:00'),
(215, 'RL2026000215', 1, 1, 32.00, 1094.00, 1094.00, 'in_stock', '2025-11-16 06:11:00', '2025-11-16 06:11:00'),
(216, 'RL2026000216', 11, 4, 28.00, 1326.00, 1326.00, 'in_stock', '2025-11-16 06:11:00', '2025-11-16 06:11:00'),
(217, 'RL2026000217', 8, 5, 45.00, 1260.00, 0.00, 'fully_used', '2025-11-16 06:11:00', '2025-11-22 04:03:01'),
(218, 'RL2026000218', 9, 3, 27.00, 1357.00, 1357.00, 'in_stock', '2025-11-16 06:11:00', '2025-11-16 06:11:00'),
(219, 'RL2026000219', 5, 2, 35.00, 729.00, 729.00, 'in_stock', '2025-11-16 06:11:00', '2025-11-16 06:11:00'),
(220, 'RL2026000220', 4, 1, 48.00, 716.00, 716.00, 'in_stock', '2025-11-16 06:11:00', '2025-11-16 06:11:00'),
(221, 'RL2026000221', 5, 4, 48.00, 683.00, 683.00, 'in_stock', '2025-11-16 06:11:00', '2025-11-16 06:11:00'),
(222, 'RL2026000222', 2, 1, 40.00, 803.00, 803.00, 'in_stock', '2025-11-16 06:11:00', '2025-11-16 06:11:00'),
(223, 'RL2026000223', 8, 4, 43.00, 1429.00, 1429.00, 'in_stock', '2025-11-16 06:11:00', '2025-11-16 06:11:00'),
(224, 'RL2026000224', 4, 5, 44.00, 1469.00, 1469.00, 'in_stock', '2025-11-16 06:11:00', '2025-11-16 06:11:00'),
(225, 'RL2026000225', 15, 3, 48.00, 1371.00, 1371.00, 'in_stock', '2025-11-16 06:11:00', '2025-11-16 06:11:00'),
(226, 'RL2026000226', 4, 5, 39.00, 1355.00, 1355.00, 'in_stock', '2025-11-16 06:11:00', '2025-11-16 06:11:00'),
(227, 'RL2026000227', 6, 1, 45.00, 723.00, 723.00, 'in_stock', '2025-11-16 06:11:00', '2025-11-16 06:11:00'),
(228, 'RL2026000228', 13, 4, 33.00, 710.00, 710.00, 'in_stock', '2025-11-16 06:11:00', '2025-11-16 06:11:00'),
(229, 'RL2026000229', 8, 3, 44.00, 1515.00, 1515.00, 'in_stock', '2025-11-16 06:11:00', '2025-11-16 06:11:00'),
(230, 'RL2026000230', 3, 1, 31.00, 1033.00, 1033.00, 'in_stock', '2025-11-16 06:11:00', '2025-11-16 06:11:00'),
(231, 'RL2026000231', 12, 3, 30.00, 1502.00, 1502.00, 'in_stock', '2025-11-16 06:11:00', '2025-11-16 06:11:00'),
(232, 'RL2026000232', 4, 2, 39.00, 1451.00, 1451.00, 'in_stock', '2025-11-16 06:11:00', '2025-11-16 06:11:00'),
(233, 'RL2026000233', 17, 3, 38.00, 951.00, 951.00, 'in_stock', '2025-11-16 06:11:00', '2025-11-16 06:11:00'),
(234, 'RL2026000234', 10, 2, 48.00, 899.00, 899.00, 'in_stock', '2025-11-16 06:11:00', '2025-11-16 06:11:00'),
(235, 'RL2026000235', 8, 1, 33.00, 854.00, 854.00, 'in_stock', '2025-11-16 06:11:00', '2025-11-16 06:11:00'),
(236, 'RL2026000236', 11, 3, 33.00, 802.00, 802.00, 'in_stock', '2025-11-16 06:11:00', '2025-11-17 13:14:57'),
(237, 'RL2026000237', 9, 5, 39.00, 1289.00, 1289.00, 'in_stock', '2025-11-16 06:11:00', '2025-11-16 06:11:00'),
(238, 'RL2026000238', 20, 1, 47.00, 893.00, 893.00, 'in_stock', '2025-11-16 06:11:00', '2025-11-16 06:11:00'),
(239, 'RL2026000239', 20, 2, 46.00, 974.00, 974.00, 'in_stock', '2025-11-16 06:11:00', '2025-11-16 06:11:00'),
(240, 'RL2026000240', 14, 3, 40.00, 1134.00, 400.00, 'partially_used', '2025-11-16 06:11:00', '2025-11-17 13:14:14'),
(241, 'RL2026000241', 16, 3, 27.00, 678.00, 678.00, 'in_stock', '2025-11-16 06:11:00', '2025-11-16 06:11:00'),
(242, 'RL2026000242', 5, 3, 38.00, 995.00, 995.00, 'in_stock', '2025-11-16 06:11:00', '2025-11-16 06:11:00'),
(243, 'RL2026000243', 2, 1, 43.00, 1117.00, 1117.00, 'in_stock', '2025-11-16 06:11:00', '2025-11-16 06:11:00'),
(244, 'RL2026000244', 7, 3, 45.00, 810.00, 810.00, 'in_stock', '2025-11-16 06:11:00', '2025-11-16 06:11:00'),
(245, 'RL2026000245', 16, 2, 39.00, 903.00, 903.00, 'in_stock', '2025-11-16 06:11:00', '2025-11-16 06:11:00'),
(246, 'RL2026000246', 10, 4, 32.00, 852.00, 852.00, 'in_stock', '2025-11-16 06:11:00', '2025-11-16 06:11:00'),
(247, 'RL2026000247', 13, 2, 42.00, 1501.00, 1501.00, 'in_stock', '2025-11-16 06:11:00', '2025-11-16 06:11:00'),
(248, 'RL2026000248', 2, 2, 31.00, 1300.00, 300.00, 'partially_used', '2025-11-16 06:11:00', '2025-11-17 13:47:57'),
(249, 'RL2026000249', 6, 2, 39.00, 1127.00, 1127.00, 'in_stock', '2025-11-16 06:11:00', '2025-11-16 06:11:00'),
(250, 'RL2026000250', 11, 1, 40.00, 1550.00, 1550.00, 'in_stock', '2025-11-16 06:11:00', '2025-11-16 06:11:00'),
(251, 'RL2026000251', 2, 3, 35.00, 900.00, 900.00, 'in_stock', '2025-11-16 06:20:38', '2025-11-16 06:20:38'),
(252, 'RL2026000252', 3, 4, 43.00, 980.00, 980.00, 'in_stock', '2025-11-17 12:14:03', '2025-11-17 12:14:03'),
(253, 'RL2026000253', 7, 5, 40.00, 980.00, 980.00, 'in_stock', '2025-11-17 13:10:53', '2025-11-17 13:10:53'),
(254, 'RL2026000254', 5, 3, 43.00, 980.00, 980.00, 'in_stock', '2025-11-17 13:12:49', '2025-11-17 13:12:49'),
(255, 'RL2026000255', 5, 3, 43.00, 990.00, 0.00, 'fully_used', '2025-11-17 13:12:49', '2025-11-22 04:02:39'),
(256, 'RL2026000256', 5, 3, 43.00, 1010.00, 1010.00, 'in_stock', '2025-11-17 13:12:49', '2025-11-17 13:12:49'),
(257, 'RL2026000257', 5, 3, 38.00, 798.00, 798.00, 'in_stock', '2025-11-17 13:12:49', '2025-11-17 13:12:49'),
(258, 'RL2026000258', 17, 3, 34.00, 780.00, 780.00, 'in_stock', '2025-11-17 13:44:12', '2025-11-17 13:44:12'),
(259, 'RL2026000259', 1, 3, 40.00, 1000.00, 1000.00, 'in_stock', '2025-11-17 13:45:47', '2025-11-17 13:45:47'),
(260, 'RL2026000260', 1, 3, 39.00, 980.00, 980.00, 'in_stock', '2025-11-17 13:45:47', '2025-11-17 13:45:47'),
(261, 'RL2026000261', 1, 3, 38.00, 800.00, 800.00, 'in_stock', '2025-11-17 13:45:47', '2025-11-17 13:45:47'),
(262, 'RL2026000262', 7, 5, 41.00, 1010.00, 1010.00, 'in_stock', '2025-11-18 07:08:25', '2025-11-18 07:08:25'),
(263, 'RL2026000263', 3, 6, 35.00, 980.00, 980.00, 'in_stock', '2025-11-18 07:12:46', '2025-11-18 07:18:09'),
(264, 'RL2026000264', 1, 2, 36.00, 780.00, 780.00, 'in_stock', '2025-11-18 07:17:43', '2025-11-18 07:17:43'),
(265, 'RL2026000265', 2, 1, 43.00, 980.00, 980.00, 'in_stock', '2025-11-20 13:24:13', '2025-11-20 13:24:13'),
(266, 'RL111000001', 16, 1, 36.00, 870.00, 870.00, 'in_stock', '2025-11-20 13:57:59', '2025-11-22 11:24:43'),
(267, 'RL111000002', 12, 3, 43.00, 980.00, 980.00, 'in_stock', '2025-11-22 11:18:37', '2025-11-22 11:24:43'),
(268, 'RL111000003', 14, 7, 34.00, 680.00, 680.00, 'in_stock', '2025-11-22 11:19:17', '2025-11-22 11:24:43'),
(269, 'RL111003', 12, 7, 42.00, 980.00, 980.00, 'in_stock', '2025-11-22 11:22:42', '2025-11-22 11:24:43'),
(270, 'RL1110008', 7, 4, 45.00, 800.00, 800.00, 'in_stock', '2025-11-22 11:24:06', '2025-11-22 11:24:43');

-- --------------------------------------------------------

--
-- Table structure for table `reel_issues`
--

CREATE TABLE `reel_issues` (
  `id` bigint(20) UNSIGNED NOT NULL,
  `reel_id` bigint(20) UNSIGNED NOT NULL,
  `issue_date` date NOT NULL,
  `quantity_issued` decimal(10,2) NOT NULL,
  `issued_to` varchar(255) NOT NULL,
  `remarks` text DEFAULT NULL,
  `created_at` timestamp NULL DEFAULT NULL,
  `updated_at` timestamp NULL DEFAULT NULL
) ENGINE=InnoDB DEFAULT CHARSET=utf8mb4 COLLATE=utf8mb4_unicode_ci;

--
-- Dumping data for table `reel_issues`
--

INSERT INTO `reel_issues` (`id`, `reel_id`, `issue_date`, `quantity_issued`, `issued_to`, `remarks`, `created_at`, `updated_at`) VALUES
(1, 255, '2025-11-22', 990.00, 'Corrugation Plant', NULL, '2025-11-22 04:02:39', '2025-11-22 04:02:39'),
(2, 217, '2025-11-22', 1260.00, 'Corrugation Plant', NULL, '2025-11-22 04:03:01', '2025-11-22 04:03:01');

-- --------------------------------------------------------

--
-- Table structure for table `reel_receipts`
--

CREATE TABLE `reel_receipts` (
  `id` bigint(20) UNSIGNED NOT NULL,
  `reel_id` bigint(20) UNSIGNED NOT NULL,
  `receiving_date` date NOT NULL,
  `received_by` varchar(255) NOT NULL DEFAULT 'Afzal',
  `gsm` decimal(5,2) DEFAULT NULL,
  `bursting_strength` decimal(8,2) DEFAULT NULL,
  `qc_status` enum('approved','rejected','on_hold') NOT NULL DEFAULT 'on_hold',
  `rate_per_kg` decimal(10,2) DEFAULT NULL,
  `remarks` text DEFAULT NULL,
  `created_at` timestamp NULL DEFAULT NULL,
  `updated_at` timestamp NULL DEFAULT NULL
) ENGINE=InnoDB DEFAULT CHARSET=utf8mb4 COLLATE=utf8mb4_unicode_ci;

--
-- Dumping data for table `reel_receipts`
--

INSERT INTO `reel_receipts` (`id`, `reel_id`, `receiving_date`, `received_by`, `gsm`, `bursting_strength`, `qc_status`, `rate_per_kg`, `remarks`, `created_at`, `updated_at`) VALUES
(1, 1, '2025-03-30', 'Afzal', 290.00, 7.00, 'approved', 1.60, 'Random remark 1', '2025-11-16 06:10:58', '2025-11-16 06:10:58'),
(2, 2, '2025-09-04', 'Afzal', 133.00, 4.00, 'approved', 0.66, 'Random remark 2', '2025-11-16 06:10:58', '2025-11-16 06:10:58'),
(3, 3, '2024-12-11', 'Afzal', 203.00, 5.00, 'approved', 0.78, 'Random remark 3', '2025-11-16 06:10:58', '2025-11-16 06:10:58'),
(4, 4, '2024-12-21', 'Afzal', 250.00, 4.00, 'approved', 1.95, 'Random remark 4', '2025-11-16 06:10:58', '2025-11-16 06:10:58'),
(5, 5, '2025-03-12', 'Afzal', 202.00, 5.00, 'approved', 0.86, 'Random remark 5', '2025-11-16 06:10:58', '2025-11-16 06:10:58'),
(6, 6, '2025-04-15', 'Afzal', 147.00, 10.00, 'approved', 1.13, 'Random remark 6', '2025-11-16 06:10:58', '2025-11-16 06:10:58'),
(7, 7, '2025-02-21', 'Afzal', 118.00, 7.00, 'approved', 1.65, 'Random remark 7', '2025-11-16 06:10:58', '2025-11-16 06:10:58'),
(8, 8, '2025-05-06', 'Afzal', 102.00, 2.00, 'approved', 0.73, 'Random remark 8', '2025-11-16 06:10:58', '2025-11-16 06:10:58'),
(9, 9, '2025-05-04', 'Afzal', 287.00, 3.00, 'approved', 2.00, 'Random remark 9', '2025-11-16 06:10:58', '2025-11-16 06:10:58'),
(10, 10, '2025-06-08', 'Afzal', 198.00, 1.00, 'approved', 1.29, 'Random remark 10', '2025-11-16 06:10:58', '2025-11-16 06:10:58'),
(11, 11, '2025-11-04', 'Afzal', 187.00, 8.00, 'approved', 0.64, 'Random remark 11', '2025-11-16 06:10:58', '2025-11-16 06:10:58'),
(12, 12, '2024-12-14', 'Afzal', 155.00, 6.00, 'approved', 0.72, 'Random remark 12', '2025-11-16 06:10:58', '2025-11-16 06:10:58'),
(13, 13, '2025-05-29', 'Afzal', 171.00, 2.00, 'approved', 1.51, 'Random remark 13', '2025-11-16 06:10:58', '2025-11-16 06:10:58'),
(14, 14, '2025-05-08', 'Afzal', 166.00, 1.00, 'approved', 1.61, 'Random remark 14', '2025-11-16 06:10:58', '2025-11-16 06:10:58'),
(15, 15, '2025-04-08', 'Afzal', 126.00, 4.00, 'approved', 1.98, 'Random remark 15', '2025-11-16 06:10:58', '2025-11-16 06:10:58'),
(16, 16, '2024-11-22', 'Afzal', 239.00, 1.00, 'approved', 1.65, 'Random remark 16', '2025-11-16 06:10:59', '2025-11-16 06:10:59'),
(17, 17, '2024-12-21', 'Afzal', 252.00, 2.00, 'approved', 1.86, 'Random remark 17', '2025-11-16 06:10:59', '2025-11-16 06:10:59'),
(18, 18, '2025-01-30', 'Afzal', 197.00, 8.00, 'approved', 0.82, 'Random remark 18', '2025-11-16 06:10:59', '2025-11-16 06:10:59'),
(19, 19, '2025-01-09', 'Afzal', 253.00, 5.00, 'approved', 1.48, 'Random remark 19', '2025-11-16 06:10:59', '2025-11-16 06:10:59'),
(20, 20, '2024-12-19', 'Afzal', 108.00, 3.00, 'approved', 0.79, 'Random remark 20', '2025-11-16 06:10:59', '2025-11-16 06:10:59'),
(21, 21, '2025-01-22', 'Afzal', 242.00, 9.00, 'approved', 1.60, 'Random remark 21', '2025-11-16 06:10:59', '2025-11-16 06:10:59'),
(22, 22, '2025-05-13', 'Afzal', 98.00, 6.00, 'approved', 1.01, 'Random remark 22', '2025-11-16 06:10:59', '2025-11-16 06:10:59'),
(23, 23, '2025-06-21', 'Afzal', 90.00, 5.00, 'approved', 1.47, 'Random remark 23', '2025-11-16 06:10:59', '2025-11-16 06:10:59'),
(24, 24, '2025-02-11', 'Afzal', 109.00, 9.00, 'on_hold', 1.71, 'Random remark 24', '2025-11-16 06:10:59', '2025-11-16 06:10:59'),
(25, 25, '2024-12-04', 'Afzal', 299.00, 2.00, 'approved', 1.53, 'Random remark 25', '2025-11-16 06:10:59', '2025-11-16 06:10:59'),
(26, 26, '2025-02-08', 'Afzal', 260.00, 8.00, 'approved', 1.34, 'Random remark 26', '2025-11-16 06:10:59', '2025-11-16 06:10:59'),
(27, 27, '2025-04-28', 'Afzal', 141.00, 9.00, 'approved', 0.77, 'Random remark 27', '2025-11-16 06:10:59', '2025-11-16 06:10:59'),
(28, 28, '2025-02-03', 'Afzal', 299.00, 3.00, 'approved', 1.01, 'Random remark 28', '2025-11-16 06:10:59', '2025-11-16 06:10:59'),
(29, 29, '2025-03-30', 'Afzal', 295.00, 9.00, 'approved', 0.68, 'Random remark 29', '2025-11-16 06:10:59', '2025-11-16 06:10:59'),
(30, 30, '2025-11-03', 'Afzal', 217.00, 3.00, 'approved', 0.86, 'Random remark 30', '2025-11-16 06:10:59', '2025-11-16 06:10:59'),
(31, 31, '2025-08-16', 'Afzal', 80.00, 3.00, 'approved', 1.39, 'Random remark 31', '2025-11-16 06:10:59', '2025-11-16 06:10:59'),
(32, 32, '2025-02-17', 'Afzal', 258.00, 6.00, 'approved', 1.50, 'Random remark 32', '2025-11-16 06:10:59', '2025-11-16 06:10:59'),
(33, 33, '2025-05-17', 'Afzal', 271.00, 10.00, 'approved', 0.65, 'Random remark 33', '2025-11-16 06:10:59', '2025-11-16 06:10:59'),
(34, 34, '2025-08-02', 'Afzal', 243.00, 10.00, 'approved', 0.74, 'Random remark 34', '2025-11-16 06:10:59', '2025-11-16 06:10:59'),
(35, 35, '2025-04-22', 'Afzal', 91.00, 5.00, 'on_hold', 0.85, 'Random remark 35', '2025-11-16 06:10:59', '2025-11-16 06:10:59'),
(36, 36, '2025-09-09', 'Afzal', 269.00, 9.00, 'approved', 1.49, 'Random remark 36', '2025-11-16 06:10:59', '2025-11-16 06:10:59'),
(37, 37, '2025-08-19', 'Afzal', 80.00, 8.00, 'approved', 1.60, 'Random remark 37', '2025-11-16 06:10:59', '2025-11-16 06:10:59'),
(38, 38, '2025-04-01', 'Afzal', 80.00, 3.00, 'approved', 1.50, 'Random remark 38', '2025-11-16 06:10:59', '2025-11-16 06:10:59'),
(39, 39, '2025-03-29', 'Afzal', 169.00, 3.00, 'approved', 0.81, 'Random remark 39', '2025-11-16 06:10:59', '2025-11-16 06:10:59'),
(40, 40, '2025-01-16', 'Afzal', 266.00, 10.00, 'approved', 0.74, 'Random remark 40', '2025-11-16 06:10:59', '2025-11-16 06:10:59'),
(41, 41, '2025-08-16', 'Afzal', 201.00, 2.00, 'approved', 1.83, 'Random remark 41', '2025-11-16 06:10:59', '2025-11-16 06:10:59'),
(42, 42, '2025-10-13', 'Afzal', 179.00, 9.00, 'approved', 0.87, 'Random remark 42', '2025-11-16 06:10:59', '2025-11-16 06:10:59'),
(43, 43, '2025-01-20', 'Afzal', 204.00, 4.00, 'approved', 1.12, 'Random remark 43', '2025-11-16 06:10:59', '2025-11-16 06:10:59'),
(44, 44, '2025-03-03', 'Afzal', 236.00, 8.00, 'approved', 0.55, 'Random remark 44', '2025-11-16 06:10:59', '2025-11-16 06:10:59'),
(45, 45, '2025-10-25', 'Afzal', 263.00, 8.00, 'approved', 1.17, 'Random remark 45', '2025-11-16 06:10:59', '2025-11-16 06:10:59'),
(46, 46, '2024-11-30', 'Afzal', 86.00, 5.00, 'approved', 0.63, 'Random remark 46', '2025-11-16 06:10:59', '2025-11-16 06:10:59'),
(47, 47, '2025-03-19', 'Afzal', 162.00, 6.00, 'approved', 0.62, 'Random remark 47', '2025-11-16 06:10:59', '2025-11-16 06:10:59'),
(48, 48, '2025-07-20', 'Afzal', 197.00, 1.00, 'approved', 1.60, 'Random remark 48', '2025-11-16 06:10:59', '2025-11-16 06:10:59'),
(49, 49, '2025-03-24', 'Afzal', 218.00, 5.00, 'on_hold', 0.80, 'Random remark 49', '2025-11-16 06:10:59', '2025-11-16 06:10:59'),
(50, 50, '2025-04-11', 'Afzal', 138.00, 4.00, 'approved', 1.68, 'Random remark 50', '2025-11-16 06:10:59', '2025-11-16 06:10:59'),
(51, 51, '2025-05-22', 'Afzal', 213.00, 7.00, 'approved', 1.03, 'Random remark 51', '2025-11-16 06:10:59', '2025-11-16 06:10:59'),
(52, 52, '2025-03-12', 'Afzal', 261.00, 2.00, 'approved', 1.33, 'Random remark 52', '2025-11-16 06:10:59', '2025-11-16 06:10:59'),
(53, 53, '2025-08-11', 'Afzal', 143.00, 8.00, 'approved', 1.39, 'Random remark 53', '2025-11-16 06:10:59', '2025-11-16 06:10:59'),
(54, 54, '2025-05-20', 'Afzal', 167.00, 3.00, 'approved', 1.33, 'Random remark 54', '2025-11-16 06:10:59', '2025-11-16 06:10:59'),
(55, 55, '2024-12-18', 'Afzal', 223.00, 10.00, 'approved', 1.83, 'Random remark 55', '2025-11-16 06:10:59', '2025-11-16 06:10:59'),
(56, 56, '2025-07-31', 'Afzal', 85.00, 8.00, 'approved', 1.08, 'Random remark 56', '2025-11-16 06:10:59', '2025-11-16 06:10:59'),
(57, 57, '2025-07-21', 'Afzal', 170.00, 6.00, 'approved', 0.56, 'Random remark 57', '2025-11-16 06:10:59', '2025-11-16 06:10:59'),
(58, 58, '2025-01-30', 'Afzal', 241.00, 9.00, 'approved', 0.69, 'Random remark 58', '2025-11-16 06:10:59', '2025-11-16 06:10:59'),
(59, 59, '2025-03-29', 'Afzal', 176.00, 2.00, 'approved', 1.87, 'Random remark 59', '2025-11-16 06:10:59', '2025-11-16 06:10:59'),
(60, 60, '2025-02-23', 'Afzal', 297.00, 6.00, 'approved', 0.71, 'Random remark 60', '2025-11-16 06:10:59', '2025-11-16 06:10:59'),
(61, 61, '2025-05-20', 'Afzal', 136.00, 9.00, 'approved', 1.04, 'Random remark 61', '2025-11-16 06:10:59', '2025-11-16 06:10:59'),
(62, 62, '2024-12-21', 'Afzal', 157.00, 2.00, 'approved', 0.95, 'Random remark 62', '2025-11-16 06:10:59', '2025-11-16 06:10:59'),
(63, 63, '2025-05-05', 'Afzal', 116.00, 8.00, 'approved', 0.74, 'Random remark 63', '2025-11-16 06:10:59', '2025-11-16 06:10:59'),
(64, 64, '2025-01-17', 'Afzal', 235.00, 6.00, 'approved', 1.94, 'Random remark 64', '2025-11-16 06:10:59', '2025-11-16 06:10:59'),
(65, 65, '2024-11-22', 'Afzal', 253.00, 5.00, 'approved', 1.84, 'Random remark 65', '2025-11-16 06:10:59', '2025-11-16 06:10:59'),
(66, 66, '2025-01-22', 'Afzal', 136.00, 9.00, 'approved', 1.62, 'Random remark 66', '2025-11-16 06:10:59', '2025-11-16 06:10:59'),
(67, 67, '2025-07-04', 'Afzal', 148.00, 7.00, 'approved', 0.83, 'Random remark 67', '2025-11-16 06:10:59', '2025-11-16 06:10:59'),
(68, 68, '2025-08-28', 'Afzal', 115.00, 8.00, 'approved', 1.51, 'Random remark 68', '2025-11-16 06:10:59', '2025-11-16 06:10:59'),
(69, 69, '2024-11-18', 'Afzal', 155.00, 1.00, 'approved', 1.34, 'Random remark 69', '2025-11-16 06:10:59', '2025-11-16 06:10:59'),
(70, 70, '2025-07-14', 'Afzal', 226.00, 9.00, 'approved', 1.83, 'Random remark 70', '2025-11-16 06:10:59', '2025-11-16 06:10:59'),
(71, 71, '2025-01-18', 'Afzal', 242.00, 5.00, 'approved', 0.97, 'Random remark 71', '2025-11-16 06:10:59', '2025-11-16 06:10:59'),
(72, 72, '2025-10-02', 'Afzal', 145.00, 1.00, 'approved', 1.66, 'Random remark 72', '2025-11-16 06:10:59', '2025-11-16 06:10:59'),
(73, 73, '2024-12-27', 'Afzal', 135.00, 3.00, 'approved', 1.63, 'Random remark 73', '2025-11-16 06:10:59', '2025-11-16 06:10:59'),
(74, 74, '2025-01-26', 'Afzal', 203.00, 1.00, 'approved', 1.85, 'Random remark 74', '2025-11-16 06:10:59', '2025-11-16 06:10:59'),
(75, 75, '2025-03-10', 'Afzal', 170.00, 1.00, 'approved', 1.77, 'Random remark 75', '2025-11-16 06:10:59', '2025-11-16 06:10:59'),
(76, 76, '2025-01-16', 'Afzal', 144.00, 5.00, 'approved', 0.84, 'Random remark 76', '2025-11-16 06:10:59', '2025-11-16 06:10:59'),
(77, 77, '2025-02-15', 'Afzal', 191.00, 3.00, 'approved', 0.91, 'Random remark 77', '2025-11-16 06:10:59', '2025-11-16 06:10:59'),
(78, 78, '2025-07-26', 'Afzal', 266.00, 10.00, 'approved', 1.38, 'Random remark 78', '2025-11-16 06:10:59', '2025-11-16 06:10:59'),
(79, 79, '2025-10-23', 'Afzal', 159.00, 3.00, 'approved', 1.58, 'Random remark 79', '2025-11-16 06:10:59', '2025-11-16 06:10:59'),
(80, 80, '2024-12-22', 'Afzal', 236.00, 9.00, 'approved', 0.96, 'Random remark 80', '2025-11-16 06:10:59', '2025-11-16 06:10:59'),
(81, 81, '2025-02-11', 'Afzal', 121.00, 6.00, 'approved', 1.63, 'Random remark 81', '2025-11-16 06:10:59', '2025-11-16 06:10:59'),
(82, 82, '2025-02-15', 'Afzal', 247.00, 10.00, 'on_hold', 1.77, 'Random remark 82', '2025-11-16 06:10:59', '2025-11-16 06:10:59'),
(83, 83, '2025-02-10', 'Afzal', 83.00, 6.00, 'on_hold', 1.08, 'Random remark 83', '2025-11-16 06:10:59', '2025-11-16 06:10:59'),
(84, 84, '2024-12-26', 'Afzal', 241.00, 7.00, 'approved', 1.88, 'Random remark 84', '2025-11-16 06:10:59', '2025-11-16 06:10:59'),
(85, 85, '2024-11-23', 'Afzal', 179.00, 4.00, 'approved', 1.06, 'Random remark 85', '2025-11-16 06:10:59', '2025-11-16 06:10:59'),
(86, 86, '2025-05-11', 'Afzal', 252.00, 5.00, 'approved', 1.49, 'Random remark 86', '2025-11-16 06:10:59', '2025-11-16 06:10:59'),
(87, 87, '2024-11-16', 'Afzal', 131.00, 2.00, 'approved', 1.32, 'Random remark 87', '2025-11-16 06:10:59', '2025-11-16 06:10:59'),
(88, 88, '2025-10-19', 'Afzal', 203.00, 8.00, 'approved', 1.33, 'Random remark 88', '2025-11-16 06:10:59', '2025-11-16 06:10:59'),
(89, 89, '2025-02-16', 'Afzal', 267.00, 6.00, 'approved', 0.56, 'Random remark 89', '2025-11-16 06:10:59', '2025-11-16 06:10:59'),
(90, 90, '2025-01-23', 'Afzal', 146.00, 3.00, 'approved', 1.60, 'Random remark 90', '2025-11-16 06:10:59', '2025-11-16 06:10:59'),
(91, 91, '2025-10-26', 'Afzal', 138.00, 9.00, 'approved', 0.55, 'Random remark 91', '2025-11-16 06:10:59', '2025-11-16 06:10:59'),
(92, 92, '2025-03-12', 'Afzal', 94.00, 3.00, 'approved', 1.82, 'Random remark 92', '2025-11-16 06:10:59', '2025-11-16 06:10:59'),
(93, 93, '2025-02-17', 'Afzal', 97.00, 5.00, 'approved', 1.01, 'Random remark 93', '2025-11-16 06:10:59', '2025-11-16 06:10:59'),
(94, 94, '2025-05-23', 'Afzal', 253.00, 8.00, 'on_hold', 1.72, 'Random remark 94', '2025-11-16 06:10:59', '2025-11-16 06:10:59'),
(95, 95, '2025-04-21', 'Afzal', 173.00, 10.00, 'approved', 1.45, 'Random remark 95', '2025-11-16 06:10:59', '2025-11-16 06:10:59'),
(96, 96, '2025-04-05', 'Afzal', 147.00, 5.00, 'approved', 1.05, 'Random remark 96', '2025-11-16 06:10:59', '2025-11-16 06:10:59'),
(97, 97, '2025-03-08', 'Afzal', 195.00, 3.00, 'approved', 0.75, 'Random remark 97', '2025-11-16 06:10:59', '2025-11-16 06:10:59'),
(98, 98, '2025-02-14', 'Afzal', 204.00, 5.00, 'approved', 1.67, 'Random remark 98', '2025-11-16 06:10:59', '2025-11-16 06:10:59'),
(99, 99, '2025-01-14', 'Afzal', 125.00, 10.00, 'approved', 0.68, 'Random remark 99', '2025-11-16 06:10:59', '2025-11-16 06:10:59'),
(100, 100, '2025-10-26', 'Afzal', 231.00, 10.00, 'approved', 1.28, 'Random remark 100', '2025-11-16 06:10:59', '2025-11-16 06:10:59'),
(101, 101, '2025-01-06', 'Afzal', 164.00, 3.00, 'approved', 0.79, 'Random remark 101', '2025-11-16 06:10:59', '2025-11-16 06:10:59'),
(102, 102, '2025-10-26', 'Afzal', 240.00, 3.00, 'approved', 1.20, 'Random remark 102', '2025-11-16 06:10:59', '2025-11-16 06:10:59'),
(103, 103, '2025-10-13', 'Afzal', 200.00, 2.00, 'approved', 1.84, 'Random remark 103', '2025-11-16 06:10:59', '2025-11-16 06:10:59'),
(104, 104, '2024-12-15', 'Afzal', 183.00, 8.00, 'approved', 1.92, 'Random remark 104', '2025-11-16 06:10:59', '2025-11-16 06:10:59'),
(105, 105, '2025-04-05', 'Afzal', 99.00, 1.00, 'approved', 1.25, 'Random remark 105', '2025-11-16 06:10:59', '2025-11-16 06:10:59'),
(106, 106, '2025-08-12', 'Afzal', 277.00, 5.00, 'approved', 0.94, 'Random remark 106', '2025-11-16 06:10:59', '2025-11-16 06:10:59'),
(107, 107, '2025-06-12', 'Afzal', 206.00, 8.00, 'approved', 0.65, 'Random remark 107', '2025-11-16 06:10:59', '2025-11-16 06:10:59'),
(108, 108, '2024-12-14', 'Afzal', 123.00, 10.00, 'on_hold', 0.77, 'Random remark 108', '2025-11-16 06:10:59', '2025-11-16 06:10:59'),
(109, 109, '2024-12-23', 'Afzal', 239.00, 9.00, 'approved', 1.77, 'Random remark 109', '2025-11-16 06:10:59', '2025-11-16 06:10:59'),
(110, 110, '2025-05-10', 'Afzal', 151.00, 2.00, 'approved', 1.53, 'Random remark 110', '2025-11-16 06:10:59', '2025-11-16 06:10:59'),
(111, 111, '2025-06-17', 'Afzal', 120.00, 9.00, 'approved', 1.52, 'Random remark 111', '2025-11-16 06:10:59', '2025-11-16 06:10:59'),
(112, 112, '2025-02-25', 'Afzal', 240.00, 8.00, 'approved', 1.37, 'Random remark 112', '2025-11-16 06:10:59', '2025-11-16 06:10:59'),
(113, 113, '2025-05-24', 'Afzal', 139.00, 10.00, 'approved', 1.72, 'Random remark 113', '2025-11-16 06:10:59', '2025-11-16 06:10:59'),
(114, 114, '2025-01-25', 'Afzal', 180.00, 4.00, 'approved', 1.00, 'Random remark 114', '2025-11-16 06:10:59', '2025-11-16 06:10:59'),
(115, 115, '2025-05-18', 'Afzal', 215.00, 5.00, 'approved', 1.95, 'Random remark 115', '2025-11-16 06:10:59', '2025-11-16 06:10:59'),
(116, 116, '2024-11-20', 'Afzal', 96.00, 10.00, 'approved', 1.27, 'Random remark 116', '2025-11-16 06:10:59', '2025-11-16 06:10:59'),
(117, 117, '2024-12-08', 'Afzal', 102.00, 6.00, 'approved', 0.73, 'Random remark 117', '2025-11-16 06:10:59', '2025-11-16 06:10:59'),
(118, 118, '2025-07-15', 'Afzal', 129.00, 9.00, 'approved', 1.86, 'Random remark 118', '2025-11-16 06:10:59', '2025-11-16 06:10:59'),
(119, 119, '2024-12-03', 'Afzal', 229.00, 2.00, 'approved', 0.74, 'Random remark 119', '2025-11-16 06:10:59', '2025-11-16 06:10:59'),
(120, 120, '2025-09-12', 'Afzal', 127.00, 7.00, 'approved', 1.04, 'Random remark 120', '2025-11-16 06:10:59', '2025-11-16 06:10:59'),
(121, 121, '2025-06-02', 'Afzal', 158.00, 8.00, 'approved', 1.87, 'Random remark 121', '2025-11-16 06:10:59', '2025-11-16 06:10:59'),
(122, 122, '2025-03-28', 'Afzal', 214.00, 4.00, 'on_hold', 1.97, 'Random remark 122', '2025-11-16 06:10:59', '2025-11-16 06:10:59'),
(123, 123, '2024-11-30', 'Afzal', 222.00, 4.00, 'approved', 1.96, 'Random remark 123', '2025-11-16 06:10:59', '2025-11-16 06:10:59'),
(124, 124, '2025-02-25', 'Afzal', 250.00, 4.00, 'approved', 1.54, 'Random remark 124', '2025-11-16 06:10:59', '2025-11-16 06:10:59'),
(125, 125, '2025-10-15', 'Afzal', 227.00, 3.00, 'approved', 1.55, 'Random remark 125', '2025-11-16 06:10:59', '2025-11-16 06:10:59'),
(126, 126, '2025-08-08', 'Afzal', 283.00, 8.00, 'approved', 1.41, 'Random remark 126', '2025-11-16 06:10:59', '2025-11-16 06:10:59'),
(127, 127, '2025-04-24', 'Afzal', 295.00, 2.00, 'approved', 0.60, 'Random remark 127', '2025-11-16 06:10:59', '2025-11-16 06:10:59'),
(128, 128, '2025-10-11', 'Afzal', 137.00, 1.00, 'approved', 1.65, 'Random remark 128', '2025-11-16 06:10:59', '2025-11-16 06:10:59'),
(129, 129, '2025-09-10', 'Afzal', 247.00, 2.00, 'approved', 1.98, 'Random remark 129', '2025-11-16 06:10:59', '2025-11-16 06:10:59'),
(130, 130, '2024-12-15', 'Afzal', 207.00, 5.00, 'approved', 0.71, 'Random remark 130', '2025-11-16 06:10:59', '2025-11-16 06:10:59'),
(131, 131, '2025-09-19', 'Afzal', 188.00, 10.00, 'on_hold', 0.87, 'Random remark 131', '2025-11-16 06:10:59', '2025-11-16 06:10:59'),
(132, 132, '2025-03-07', 'Afzal', 99.00, 3.00, 'approved', 0.75, 'Random remark 132', '2025-11-16 06:10:59', '2025-11-16 06:10:59'),
(133, 133, '2025-02-07', 'Afzal', 117.00, 6.00, 'approved', 1.42, 'Random remark 133', '2025-11-16 06:10:59', '2025-11-16 06:10:59'),
(134, 134, '2025-02-22', 'Afzal', 119.00, 10.00, 'approved', 1.80, 'Random remark 134', '2025-11-16 06:10:59', '2025-11-16 06:10:59'),
(135, 135, '2025-10-15', 'Afzal', 205.00, 2.00, 'approved', 0.54, 'Random remark 135', '2025-11-16 06:10:59', '2025-11-16 06:10:59'),
(136, 136, '2024-11-30', 'Afzal', 123.00, 3.00, 'approved', 0.53, 'Random remark 136', '2025-11-16 06:10:59', '2025-11-16 06:10:59'),
(137, 137, '2025-05-21', 'Afzal', 252.00, 4.00, 'approved', 1.42, 'Random remark 137', '2025-11-16 06:10:59', '2025-11-16 06:10:59'),
(138, 138, '2025-07-04', 'Afzal', 97.00, 8.00, 'approved', 0.94, 'Random remark 138', '2025-11-16 06:10:59', '2025-11-16 06:10:59'),
(139, 139, '2025-03-06', 'Afzal', 281.00, 1.00, 'approved', 1.18, 'Random remark 139', '2025-11-16 06:10:59', '2025-11-16 06:10:59'),
(140, 140, '2025-03-28', 'Afzal', 123.00, 10.00, 'approved', 0.57, 'Random remark 140', '2025-11-16 06:10:59', '2025-11-16 06:10:59'),
(141, 141, '2025-01-04', 'Afzal', 263.00, 3.00, 'approved', 1.68, 'Random remark 141', '2025-11-16 06:10:59', '2025-11-16 06:10:59'),
(142, 142, '2025-11-14', 'Afzal', 203.00, 1.00, 'approved', 1.97, 'Random remark 142', '2025-11-16 06:10:59', '2025-11-16 06:10:59'),
(143, 143, '2024-12-31', 'Afzal', 154.00, 8.00, 'approved', 1.92, 'Random remark 143', '2025-11-16 06:10:59', '2025-11-16 06:10:59'),
(144, 144, '2025-02-15', 'Afzal', 235.00, 3.00, 'approved', 1.08, 'Random remark 144', '2025-11-16 06:10:59', '2025-11-16 06:10:59'),
(145, 145, '2025-05-26', 'Afzal', 148.00, 9.00, 'approved', 0.81, 'Random remark 145', '2025-11-16 06:10:59', '2025-11-16 06:10:59'),
(146, 146, '2025-01-10', 'Afzal', 270.00, 4.00, 'approved', 1.82, 'Random remark 146', '2025-11-16 06:10:59', '2025-11-16 06:10:59'),
(147, 147, '2024-11-24', 'Afzal', 104.00, 8.00, 'approved', 1.72, 'Random remark 147', '2025-11-16 06:10:59', '2025-11-16 06:10:59'),
(148, 148, '2025-09-09', 'Afzal', 172.00, 1.00, 'approved', 2.00, 'Random remark 148', '2025-11-16 06:10:59', '2025-11-16 06:10:59'),
(149, 149, '2025-06-20', 'Afzal', 169.00, 8.00, 'approved', 1.12, 'Random remark 149', '2025-11-16 06:10:59', '2025-11-16 06:10:59'),
(150, 150, '2025-09-16', 'Afzal', 259.00, 7.00, 'on_hold', 1.82, 'Random remark 150', '2025-11-16 06:10:59', '2025-11-16 06:10:59'),
(151, 151, '2025-05-04', 'Afzal', 145.00, 9.00, 'approved', 1.87, 'Random remark 151', '2025-11-16 06:10:59', '2025-11-16 06:10:59'),
(152, 152, '2024-12-28', 'Afzal', 156.00, 5.00, 'approved', 1.34, 'Random remark 152', '2025-11-16 06:10:59', '2025-11-16 06:10:59'),
(153, 153, '2025-08-19', 'Afzal', 280.00, 3.00, 'approved', 0.61, 'Random remark 153', '2025-11-16 06:10:59', '2025-11-16 06:10:59'),
(154, 154, '2025-03-08', 'Afzal', 177.00, 1.00, 'approved', 1.15, 'Random remark 154', '2025-11-16 06:10:59', '2025-11-16 06:10:59'),
(155, 155, '2025-08-14', 'Afzal', 124.00, 4.00, 'approved', 0.93, 'Random remark 155', '2025-11-16 06:10:59', '2025-11-16 06:10:59'),
(156, 156, '2025-07-06', 'Afzal', 105.00, 4.00, 'approved', 1.05, 'Random remark 156', '2025-11-16 06:10:59', '2025-11-16 06:10:59'),
(157, 157, '2025-10-01', 'Afzal', 296.00, 1.00, 'approved', 0.86, 'Random remark 157', '2025-11-16 06:10:59', '2025-11-16 06:10:59'),
(158, 158, '2025-06-24', 'Afzal', 267.00, 6.00, 'approved', 1.86, 'Random remark 158', '2025-11-16 06:10:59', '2025-11-16 06:10:59'),
(159, 159, '2025-01-20', 'Afzal', 100.00, 2.00, 'approved', 1.61, 'Random remark 159', '2025-11-16 06:10:59', '2025-11-16 06:10:59'),
(160, 160, '2025-11-07', 'Afzal', 112.00, 8.00, 'approved', 0.85, 'Random remark 160', '2025-11-16 06:10:59', '2025-11-16 06:10:59'),
(161, 161, '2025-03-06', 'Afzal', 91.00, 3.00, 'approved', 0.73, 'Random remark 161', '2025-11-16 06:10:59', '2025-11-16 06:10:59'),
(162, 162, '2025-11-10', 'Afzal', 130.00, 8.00, 'approved', 0.72, 'Random remark 162', '2025-11-16 06:10:59', '2025-11-16 06:10:59'),
(163, 163, '2025-02-06', 'Afzal', 111.00, 4.00, 'approved', 1.74, 'Random remark 163', '2025-11-16 06:10:59', '2025-11-16 06:10:59'),
(164, 164, '2025-05-21', 'Afzal', 187.00, 4.00, 'approved', 1.44, 'Random remark 164', '2025-11-16 06:10:59', '2025-11-16 06:10:59'),
(165, 165, '2025-07-07', 'Afzal', 158.00, 6.00, 'approved', 0.90, 'Random remark 165', '2025-11-16 06:10:59', '2025-11-16 06:10:59'),
(166, 166, '2025-02-02', 'Afzal', 160.00, 10.00, 'approved', 1.14, 'Random remark 166', '2025-11-16 06:10:59', '2025-11-16 06:10:59'),
(167, 167, '2025-10-12', 'Afzal', 268.00, 6.00, 'approved', 1.26, 'Random remark 167', '2025-11-16 06:10:59', '2025-11-16 06:10:59'),
(168, 168, '2025-04-14', 'Afzal', 143.00, 10.00, 'approved', 0.74, 'Random remark 168', '2025-11-16 06:10:59', '2025-11-16 06:10:59'),
(169, 169, '2025-03-25', 'Afzal', 160.00, 6.00, 'approved', 1.01, 'Random remark 169', '2025-11-16 06:10:59', '2025-11-16 06:10:59'),
(170, 170, '2024-12-07', 'Afzal', 244.00, 6.00, 'approved', 0.50, 'Random remark 170', '2025-11-16 06:10:59', '2025-11-16 06:10:59'),
(171, 171, '2025-08-07', 'Afzal', 162.00, 3.00, 'on_hold', 0.70, 'Random remark 171', '2025-11-16 06:10:59', '2025-11-16 06:10:59'),
(172, 172, '2025-05-21', 'Afzal', 158.00, 3.00, 'approved', 1.32, 'Random remark 172', '2025-11-16 06:10:59', '2025-11-16 06:10:59'),
(173, 173, '2025-02-06', 'Afzal', 112.00, 4.00, 'approved', 1.62, 'Random remark 173', '2025-11-16 06:10:59', '2025-11-16 06:10:59'),
(174, 174, '2025-09-01', 'Afzal', 202.00, 10.00, 'approved', 1.02, 'Random remark 174', '2025-11-16 06:10:59', '2025-11-16 06:10:59'),
(175, 175, '2025-06-21', 'Afzal', 180.00, 5.00, 'approved', 1.78, 'Random remark 175', '2025-11-16 06:10:59', '2025-11-16 06:10:59'),
(176, 176, '2025-02-10', 'Afzal', 238.00, 2.00, 'approved', 0.73, 'Random remark 176', '2025-11-16 06:10:59', '2025-11-16 06:10:59'),
(177, 177, '2025-04-21', 'Afzal', 159.00, 9.00, 'approved', 1.62, 'Random remark 177', '2025-11-16 06:11:00', '2025-11-16 06:11:00'),
(178, 178, '2025-08-27', 'Afzal', 299.00, 3.00, 'approved', 1.79, 'Random remark 178', '2025-11-16 06:11:00', '2025-11-16 06:11:00'),
(179, 179, '2025-01-12', 'Afzal', 159.00, 2.00, 'on_hold', 1.84, 'Random remark 179', '2025-11-16 06:11:00', '2025-11-16 06:11:00'),
(180, 180, '2025-06-11', 'Afzal', 136.00, 10.00, 'approved', 1.57, 'Random remark 180', '2025-11-16 06:11:00', '2025-11-16 06:11:00'),
(181, 181, '2025-03-17', 'Afzal', 130.00, 5.00, 'approved', 1.92, 'Random remark 181', '2025-11-16 06:11:00', '2025-11-16 06:11:00'),
(182, 182, '2025-03-22', 'Afzal', 265.00, 10.00, 'approved', 0.97, 'Random remark 182', '2025-11-16 06:11:00', '2025-11-16 06:11:00'),
(183, 183, '2025-08-15', 'Afzal', 124.00, 7.00, 'approved', 1.40, 'Random remark 183', '2025-11-16 06:11:00', '2025-11-16 06:11:00'),
(184, 184, '2025-08-03', 'Afzal', 264.00, 9.00, 'approved', 1.62, 'Random remark 184', '2025-11-16 06:11:00', '2025-11-16 06:11:00'),
(185, 185, '2025-01-19', 'Afzal', 283.00, 1.00, 'approved', 0.68, 'Random remark 185', '2025-11-16 06:11:00', '2025-11-16 06:11:00'),
(186, 186, '2025-07-20', 'Afzal', 95.00, 10.00, 'approved', 1.90, 'Random remark 186', '2025-11-16 06:11:00', '2025-11-16 06:11:00'),
(187, 187, '2025-10-09', 'Afzal', 235.00, 2.00, 'approved', 1.93, 'Random remark 187', '2025-11-16 06:11:00', '2025-11-16 06:11:00'),
(188, 188, '2025-02-09', 'Afzal', 227.00, 10.00, 'on_hold', 0.85, 'Random remark 188', '2025-11-16 06:11:00', '2025-11-16 06:11:00'),
(189, 189, '2025-06-29', 'Afzal', 262.00, 9.00, 'on_hold', 1.24, 'Random remark 189', '2025-11-16 06:11:00', '2025-11-16 06:11:00'),
(190, 190, '2025-04-19', 'Afzal', 267.00, 1.00, 'approved', 1.12, 'Random remark 190', '2025-11-16 06:11:00', '2025-11-16 06:11:00'),
(191, 191, '2025-04-20', 'Afzal', 182.00, 4.00, 'approved', 1.41, 'Random remark 191', '2025-11-16 06:11:00', '2025-11-16 06:11:00'),
(192, 192, '2025-10-13', 'Afzal', 272.00, 6.00, 'approved', 1.05, 'Random remark 192', '2025-11-16 06:11:00', '2025-11-16 06:11:00'),
(193, 193, '2025-01-18', 'Afzal', 184.00, 6.00, 'approved', 0.55, 'Random remark 193', '2025-11-16 06:11:00', '2025-11-16 06:11:00'),
(194, 194, '2025-09-28', 'Afzal', 219.00, 5.00, 'on_hold', 0.56, 'Random remark 194', '2025-11-16 06:11:00', '2025-11-16 06:11:00'),
(195, 195, '2025-06-09', 'Afzal', 192.00, 10.00, 'approved', 0.61, 'Random remark 195', '2025-11-16 06:11:00', '2025-11-16 06:11:00'),
(196, 196, '2024-11-20', 'Afzal', 246.00, 4.00, 'approved', 1.25, 'Random remark 196', '2025-11-16 06:11:00', '2025-11-16 06:11:00'),
(197, 197, '2024-11-22', 'Afzal', 104.00, 5.00, 'approved', 1.59, 'Random remark 197', '2025-11-16 06:11:00', '2025-11-16 06:11:00'),
(198, 198, '2025-05-25', 'Afzal', 236.00, 1.00, 'approved', 1.78, 'Random remark 198', '2025-11-16 06:11:00', '2025-11-16 06:11:00'),
(199, 199, '2025-06-17', 'Afzal', 128.00, 9.00, 'approved', 1.91, 'Random remark 199', '2025-11-16 06:11:00', '2025-11-16 06:11:00'),
(200, 200, '2025-05-12', 'Afzal', 109.00, 10.00, 'approved', 1.96, 'Random remark 200', '2025-11-16 06:11:00', '2025-11-16 06:11:00'),
(201, 201, '2025-04-16', 'Afzal', 240.00, 6.00, 'approved', 0.84, 'Random remark 201', '2025-11-16 06:11:00', '2025-11-16 06:11:00'),
(202, 202, '2024-12-18', 'Afzal', 116.00, 1.00, 'approved', 1.80, 'Random remark 202', '2025-11-16 06:11:00', '2025-11-16 06:11:00'),
(203, 203, '2025-06-26', 'Afzal', 201.00, 1.00, 'approved', 1.76, 'Random remark 203', '2025-11-16 06:11:00', '2025-11-16 06:11:00'),
(204, 204, '2025-04-18', 'Afzal', 216.00, 9.00, 'approved', 0.95, 'Random remark 204', '2025-11-16 06:11:00', '2025-11-16 06:11:00'),
(205, 205, '2025-04-14', 'Afzal', 295.00, 2.00, 'approved', 1.04, 'Random remark 205', '2025-11-16 06:11:00', '2025-11-16 06:11:00'),
(206, 206, '2024-12-31', 'Afzal', 122.00, 3.00, 'approved', 1.88, 'Random remark 206', '2025-11-16 06:11:00', '2025-11-16 06:11:00'),
(207, 207, '2025-03-22', 'Afzal', 177.00, 8.00, 'approved', 1.49, 'Random remark 207', '2025-11-16 06:11:00', '2025-11-16 06:11:00'),
(208, 208, '2025-02-14', 'Afzal', 275.00, 9.00, 'approved', 1.64, 'Random remark 208', '2025-11-16 06:11:00', '2025-11-16 06:11:00'),
(209, 209, '2025-06-03', 'Afzal', 188.00, 9.00, 'approved', 1.25, 'Random remark 209', '2025-11-16 06:11:00', '2025-11-16 06:11:00'),
(210, 210, '2025-03-11', 'Afzal', 270.00, 8.00, 'approved', 1.69, 'Random remark 210', '2025-11-16 06:11:00', '2025-11-16 06:11:00'),
(211, 211, '2025-01-29', 'Afzal', 203.00, 8.00, 'on_hold', 1.81, 'Random remark 211', '2025-11-16 06:11:00', '2025-11-16 06:11:00'),
(212, 212, '2025-10-12', 'Afzal', 269.00, 1.00, 'approved', 0.93, 'Random remark 212', '2025-11-16 06:11:00', '2025-11-16 06:11:00'),
(213, 213, '2024-12-14', 'Afzal', 283.00, 2.00, 'approved', 0.58, 'Random remark 213', '2025-11-16 06:11:00', '2025-11-16 06:11:00'),
(214, 214, '2025-01-03', 'Afzal', 209.00, 2.00, 'approved', 1.50, 'Random remark 214', '2025-11-16 06:11:00', '2025-11-16 06:11:00'),
(215, 215, '2025-07-15', 'Afzal', 251.00, 4.00, 'approved', 1.76, 'Random remark 215', '2025-11-16 06:11:00', '2025-11-16 06:11:00'),
(216, 216, '2025-10-16', 'Afzal', 160.00, 6.00, 'on_hold', 1.12, 'Random remark 216', '2025-11-16 06:11:00', '2025-11-16 06:11:00'),
(217, 217, '2025-04-26', 'Afzal', 261.00, 10.00, 'approved', 1.25, 'Random remark 217', '2025-11-16 06:11:00', '2025-11-16 06:11:00'),
(218, 218, '2025-06-25', 'Afzal', 258.00, 7.00, 'approved', 0.56, 'Random remark 218', '2025-11-16 06:11:00', '2025-11-16 06:11:00'),
(219, 219, '2025-01-06', 'Afzal', 152.00, 3.00, 'approved', 1.85, 'Random remark 219', '2025-11-16 06:11:00', '2025-11-16 06:11:00'),
(220, 220, '2025-03-18', 'Afzal', 284.00, 9.00, 'approved', 1.40, 'Random remark 220', '2025-11-16 06:11:00', '2025-11-16 06:11:00'),
(221, 221, '2025-11-07', 'Afzal', 262.00, 4.00, 'approved', 1.86, 'Random remark 221', '2025-11-16 06:11:00', '2025-11-16 06:11:00'),
(222, 222, '2025-11-04', 'Afzal', 277.00, 6.00, 'approved', 1.95, 'Random remark 222', '2025-11-16 06:11:00', '2025-11-16 06:11:00'),
(223, 223, '2025-09-01', 'Afzal', 90.00, 4.00, 'approved', 1.08, 'Random remark 223', '2025-11-16 06:11:00', '2025-11-16 06:11:00'),
(224, 224, '2024-12-03', 'Afzal', 290.00, 1.00, 'approved', 0.56, 'Random remark 224', '2025-11-16 06:11:00', '2025-11-16 06:11:00'),
(225, 225, '2024-12-07', 'Afzal', 194.00, 7.00, 'approved', 0.64, 'Random remark 225', '2025-11-16 06:11:00', '2025-11-16 06:11:00'),
(226, 226, '2025-01-01', 'Afzal', 244.00, 4.00, 'approved', 0.94, 'Random remark 226', '2025-11-16 06:11:00', '2025-11-16 06:11:00'),
(227, 227, '2025-02-03', 'Afzal', 299.00, 8.00, 'approved', 0.76, 'Random remark 227', '2025-11-16 06:11:00', '2025-11-16 06:11:00'),
(228, 228, '2024-12-14', 'Afzal', 262.00, 5.00, 'on_hold', 0.80, 'Random remark 228', '2025-11-16 06:11:00', '2025-11-16 06:11:00'),
(229, 229, '2025-02-28', 'Afzal', 177.00, 10.00, 'approved', 1.32, 'Random remark 229', '2025-11-16 06:11:00', '2025-11-16 06:11:00'),
(230, 230, '2025-03-13', 'Afzal', 181.00, 8.00, 'approved', 1.71, 'Random remark 230', '2025-11-16 06:11:00', '2025-11-16 06:11:00'),
(231, 231, '2025-01-09', 'Afzal', 246.00, 9.00, 'approved', 1.74, 'Random remark 231', '2025-11-16 06:11:00', '2025-11-16 06:11:00'),
(232, 232, '2025-09-10', 'Afzal', 81.00, 4.00, 'approved', 1.75, 'Random remark 232', '2025-11-16 06:11:00', '2025-11-16 06:11:00'),
(233, 233, '2025-08-27', 'Afzal', 202.00, 9.00, 'approved', 1.81, 'Random remark 233', '2025-11-16 06:11:00', '2025-11-16 06:11:00'),
(234, 234, '2025-11-11', 'Afzal', 108.00, 3.00, 'approved', 1.87, 'Random remark 234', '2025-11-16 06:11:00', '2025-11-16 06:11:00'),
(235, 235, '2025-04-04', 'Afzal', 240.00, 7.00, 'approved', 1.42, 'Random remark 235', '2025-11-16 06:11:00', '2025-11-16 06:11:00'),
(236, 236, '2025-01-26', 'Afzal', 147.00, 5.00, 'approved', 115.00, 'Random remark 236', '2025-11-16 06:11:00', '2025-11-17 13:14:57'),
(237, 237, '2025-03-06', 'Afzal', 135.00, 1.00, 'approved', 1.02, 'Random remark 237', '2025-11-16 06:11:00', '2025-11-16 06:11:00'),
(238, 238, '2025-04-02', 'Afzal', 233.00, 3.00, 'approved', 1.14, 'Random remark 238', '2025-11-16 06:11:00', '2025-11-16 06:11:00'),
(239, 239, '2025-07-19', 'Afzal', 152.00, 9.00, 'approved', 1.35, 'Random remark 239', '2025-11-16 06:11:00', '2025-11-16 06:11:00'),
(240, 240, '2025-11-04', 'Afzal', 188.00, 3.00, 'approved', 1.31, 'Random remark 240', '2025-11-16 06:11:00', '2025-11-16 06:11:00'),
(241, 241, '2025-01-10', 'Afzal', 273.00, 2.00, 'approved', 1.31, 'Random remark 241', '2025-11-16 06:11:00', '2025-11-16 06:11:00'),
(242, 242, '2025-09-12', 'Afzal', 134.00, 10.00, 'approved', 1.11, 'Random remark 242', '2025-11-16 06:11:00', '2025-11-16 06:11:00'),
(243, 243, '2025-08-01', 'Afzal', 86.00, 10.00, 'approved', 1.96, 'Random remark 243', '2025-11-16 06:11:00', '2025-11-16 06:11:00'),
(244, 244, '2025-08-03', 'Afzal', 150.00, 9.00, 'approved', 0.85, 'Random remark 244', '2025-11-16 06:11:00', '2025-11-16 06:11:00'),
(245, 245, '2024-12-03', 'Afzal', 254.00, 8.00, 'approved', 1.07, 'Random remark 245', '2025-11-16 06:11:00', '2025-11-16 06:11:00'),
(246, 246, '2025-01-17', 'Afzal', 293.00, 5.00, 'approved', 1.28, 'Random remark 246', '2025-11-16 06:11:00', '2025-11-16 06:11:00'),
(247, 247, '2025-11-13', 'Afzal', 81.00, 2.00, 'approved', 1.52, 'Random remark 247', '2025-11-16 06:11:00', '2025-11-16 06:11:00'),
(248, 248, '2025-10-18', 'Afzal', 83.00, 4.00, 'approved', 0.55, 'Random remark 248', '2025-11-16 06:11:00', '2025-11-16 06:11:00'),
(249, 249, '2025-08-22', 'Afzal', 104.00, 3.00, 'approved', 1.24, 'Random remark 249', '2025-11-16 06:11:00', '2025-11-16 06:11:00'),
(250, 250, '2025-05-12', 'Afzal', 174.00, 8.00, 'approved', 1.06, 'Random remark 250', '2025-11-16 06:11:00', '2025-11-16 06:11:00'),
(251, 251, '2025-11-16', 'Afzal', NULL, NULL, 'on_hold', NULL, NULL, '2025-11-16 06:20:38', '2025-11-16 06:20:38'),
(252, 252, '2025-11-17', 'Afzal', 112.00, 54.00, 'approved', 150.00, NULL, '2025-11-17 12:14:03', '2025-11-17 12:14:03'),
(253, 253, '2025-11-17', 'Afzal', 112.00, 52.00, 'approved', 165.00, NULL, '2025-11-17 13:10:53', '2025-11-17 13:10:53'),
(254, 254, '2025-11-17', 'Afzal', NULL, NULL, 'approved', 146.00, NULL, '2025-11-17 13:12:49', '2025-11-17 13:12:49'),
(255, 255, '2025-11-17', 'Afzal', NULL, NULL, 'approved', 146.00, NULL, '2025-11-17 13:12:49', '2025-11-17 13:12:49'),
(256, 256, '2025-11-17', 'Afzal', NULL, NULL, 'approved', 146.00, NULL, '2025-11-17 13:12:49', '2025-11-17 13:12:49'),
(257, 257, '2025-11-17', 'Afzal', NULL, NULL, 'approved', 146.00, NULL, '2025-11-17 13:12:49', '2025-11-17 13:12:49'),
(258, 258, '2025-11-17', 'Afzal', 132.00, 33.00, 'on_hold', 140.00, NULL, '2025-11-17 13:44:12', '2025-11-17 13:44:12'),
(259, 259, '2025-11-17', 'Afzal', NULL, NULL, 'on_hold', 114.00, NULL, '2025-11-17 13:45:47', '2025-11-17 13:45:47'),
(260, 260, '2025-11-17', 'Afzal', NULL, NULL, 'on_hold', 114.00, NULL, '2025-11-17 13:45:47', '2025-11-17 13:45:47'),
(261, 261, '2025-11-17', 'Afzal', NULL, NULL, 'on_hold', 114.00, NULL, '2025-11-17 13:45:47', '2025-11-17 13:45:47'),
(262, 262, '2025-11-18', 'Afzal', 112.00, 51.00, 'approved', 165.00, NULL, '2025-11-18 07:08:25', '2025-11-18 07:08:25'),
(263, 263, '2025-11-18', 'DANISH', 111.00, 43.00, 'approved', 146.00, NULL, '2025-11-18 07:12:46', '2025-11-18 07:18:09'),
(264, 264, '2025-11-18', 'SHOAIB', NULL, NULL, 'approved', NULL, NULL, '2025-11-18 07:17:43', '2025-11-18 07:17:43'),
(265, 265, '2025-11-20', 'Afzal', NULL, NULL, 'approved', NULL, NULL, '2025-11-20 13:24:13', '2025-11-20 13:24:13'),
(266, 266, '2025-11-20', 'Afzal', NULL, NULL, 'approved', NULL, NULL, '2025-11-20 13:57:59', '2025-11-20 13:57:59'),
(267, 267, '2025-11-22', 'Afzal', NULL, NULL, 'approved', NULL, NULL, '2025-11-22 11:18:37', '2025-11-22 11:18:37'),
(268, 268, '2025-11-22', 'Afzal', NULL, NULL, 'approved', NULL, NULL, '2025-11-22 11:19:17', '2025-11-22 11:19:17'),
(269, 269, '2025-11-22', 'Afzal', NULL, NULL, 'approved', NULL, NULL, '2025-11-22 11:22:42', '2025-11-22 11:22:42'),
(270, 270, '2025-11-22', 'Afzal', NULL, NULL, 'approved', NULL, NULL, '2025-11-22 11:24:06', '2025-11-22 11:24:06');

-- --------------------------------------------------------

--
-- Table structure for table `reel_returns`
--

CREATE TABLE `reel_returns` (
  `id` bigint(20) UNSIGNED NOT NULL,
  `reel_id` bigint(20) UNSIGNED NOT NULL,
  `return_date` date NOT NULL,
  `remaining_weight` decimal(10,2) NOT NULL,
  `condition` enum('good','damaged','qc_required') NOT NULL DEFAULT 'good',
  `remarks` text DEFAULT NULL,
  `created_at` timestamp NULL DEFAULT NULL,
  `updated_at` timestamp NULL DEFAULT NULL
) ENGINE=InnoDB DEFAULT CHARSET=utf8mb4 COLLATE=utf8mb4_unicode_ci;

-- --------------------------------------------------------

--
-- Table structure for table `roles`
--

CREATE TABLE `roles` (
  `id` bigint(20) UNSIGNED NOT NULL,
  `name` varchar(255) NOT NULL,
  `created_at` timestamp NULL DEFAULT NULL,
  `updated_at` timestamp NULL DEFAULT NULL
) ENGINE=InnoDB DEFAULT CHARSET=utf8mb4 COLLATE=utf8mb4_unicode_ci;

--
-- Dumping data for table `roles`
--

INSERT INTO `roles` (`id`, `name`, `created_at`, `updated_at`) VALUES
(1, 'Admin', '2025-11-12 10:51:43', '2025-11-12 10:51:43'),
(2, 'Storekeeper', '2025-11-12 10:51:43', '2025-11-12 10:51:43'),
(3, 'QC', '2025-11-12 10:51:43', '2025-11-12 10:51:43'),
(4, 'Production', '2025-11-12 10:51:43', '2025-11-12 10:51:43'),
(7, 'Super Admin', '2025-11-20 13:36:07', '2025-11-20 13:36:07');

-- --------------------------------------------------------

--
-- Table structure for table `settings`
--

CREATE TABLE `settings` (
  `id` bigint(20) UNSIGNED NOT NULL,
  `key` varchar(255) NOT NULL,
  `value` text DEFAULT NULL,
  `created_at` timestamp NULL DEFAULT NULL,
  `updated_at` timestamp NULL DEFAULT NULL
) ENGINE=InnoDB DEFAULT CHARSET=utf8mb4 COLLATE=utf8mb4_unicode_ci;

--
-- Dumping data for table `settings`
--

INSERT INTO `settings` (`id`, `key`, `value`, `created_at`, `updated_at`) VALUES
(1, 'reel_no_prefix', 'RL111', '2025-11-20 13:50:44', '2025-11-22 11:24:43'),
(2, 'reel_padding', '3', '2025-11-22 11:18:03', '2025-11-22 11:24:44'),
(3, 'reel_next_number', '4', '2025-11-22 11:18:04', '2025-11-22 11:24:44');

-- --------------------------------------------------------

--
-- Table structure for table `suppliers`
--

CREATE TABLE `suppliers` (
  `id` bigint(20) UNSIGNED NOT NULL,
  `supplier_id` varchar(255) NOT NULL,
  `name` varchar(255) NOT NULL,
  `contact_person` varchar(255) DEFAULT NULL,
  `address` text DEFAULT NULL,
  `phone` varchar(255) DEFAULT NULL,
  `email` varchar(255) DEFAULT NULL,
  `notes` text DEFAULT NULL,
  `created_at` timestamp NULL DEFAULT NULL,
  `updated_at` timestamp NULL DEFAULT NULL
) ENGINE=InnoDB DEFAULT CHARSET=utf8mb4 COLLATE=utf8mb4_unicode_ci;

--
-- Dumping data for table `suppliers`
--

INSERT INTO `suppliers` (`id`, `supplier_id`, `name`, `contact_person`, `address`, `phone`, `email`, `notes`, `created_at`, `updated_at`) VALUES
(1, 'SUP001', 'Naseer Paper Mills', NULL, 'Lahore, Punjab.', '0321-3214321', NULL, 'Reliable supplier', '2025-11-12 11:18:33', '2025-11-16 05:55:21'),
(2, 'SUP002', 'Master Paper Mills', 'Yawar Sb', 'Karachi, Sindh', '0311-3215675', NULL, NULL, '2025-11-12 11:18:33', '2025-11-16 05:56:15'),
(3, 'SUP003', 'Yawar Traders', 'Mr. Yawar', 'Karachi, Sindh', '0300-5469873', 'yawar@gmail.com', 'Trader', '2025-11-12 11:18:33', '2025-11-17 13:41:40'),
(4, 'SUP004', 'ZT Paper Mills', 'Mr. Ali', 'Korangi Industrial Area', '0300-2524565', 'ali@ztpaper.com', NULL, '2025-11-12 11:22:21', '2025-11-12 11:22:21'),
(5, 'SUP005', 'MC Kraft', 'Abdul Rehman', 'Karachi', '0343-8976548', 'abrehman@gmail.com', NULL, '2025-11-13 06:42:14', '2025-11-17 13:08:46'),
(6, 'SUP006', 'ATC Paper Mill', 'Mr. AHmed', 'Korangi Karachi', '0342-0987654', 'atch@gmail.com', NULL, '2025-11-17 13:09:27', '2025-11-17 13:09:27'),
(7, 'SUP007', 'Model Paper Mills', NULL, 'Lahore, Punjab', '0345-0909098', 'modelpaper@gmail.com', NULL, '2025-11-17 13:42:21', '2025-11-17 13:42:21');

-- --------------------------------------------------------

--
-- Table structure for table `users`
--

CREATE TABLE `users` (
  `id` bigint(20) UNSIGNED NOT NULL,
  `name` varchar(255) NOT NULL,
  `email` varchar(255) NOT NULL,
  `email_verified_at` timestamp NULL DEFAULT NULL,
  `password` varchar(255) NOT NULL,
  `remember_token` varchar(100) DEFAULT NULL,
  `created_at` timestamp NULL DEFAULT NULL,
  `updated_at` timestamp NULL DEFAULT NULL,
  `role_id` bigint(20) UNSIGNED DEFAULT NULL
) ENGINE=InnoDB DEFAULT CHARSET=utf8mb4 COLLATE=utf8mb4_unicode_ci;

--
-- Dumping data for table `users`
--

INSERT INTO `users` (`id`, `name`, `email`, `email_verified_at`, `password`, `remember_token`, `created_at`, `updated_at`, `role_id`) VALUES
(2, 'Administrator', 'admin@admin.com', NULL, '$2y$10$xPvmHHgtLVy7TGIEVbhRLObCP306vUP/NrtIMHQWSIZ8aV7dunJtq', NULL, '2025-11-12 10:51:54', '2025-11-12 10:51:54', 1),
(3, 'Danish', 'danish@qc.com', NULL, '$2y$10$CPYA0hdlmyjcZh7HMPcaJeLbtRqtFe16um4XQ1l4hhNm/OfdpPWH.', NULL, '2025-11-12 13:12:40', '2025-11-22 10:54:00', 3),
(4, 'Shoaib', 'shoaib@qc.com', NULL, '$2y$10$A2chONTlZn8BYHiGOLY3P.mmYzvycW4.AF2lLMTQirq9LabtP1lKG', NULL, '2025-11-13 06:47:24', '2025-11-13 06:47:24', 2),
(5, 'Admin', 'admin@example.com', NULL, '$2y$10$5p8IAO6wxaBVpOFfOaJsLOsOFh50mQxgh0Qs1QmrOOSOikgAg2ksq', NULL, '2025-11-15 13:51:14', '2025-11-15 13:51:14', 1),
(7, 'Super Admin', 'superadmin@qc.com', NULL, '$2y$10$6BoPK3ZJOd9RaX0vIjXttuq0Qy8QXXDLG3nZf.S5BSHZFItEp1SyS', NULL, '2025-11-20 13:36:07', '2025-11-20 13:44:58', 7);

-- --------------------------------------------------------

--
-- Table structure for table `user_permissions`
--

CREATE TABLE `user_permissions` (
  `id` bigint(20) UNSIGNED NOT NULL,
  `user_id` bigint(20) UNSIGNED NOT NULL,
  `menu` varchar(255) NOT NULL,
  `can_view` tinyint(1) NOT NULL DEFAULT 0,
  `can_edit` tinyint(1) NOT NULL DEFAULT 0,
  `can_see_amounts` tinyint(1) NOT NULL DEFAULT 0,
  `created_at` timestamp NULL DEFAULT NULL,
  `updated_at` timestamp NULL DEFAULT NULL
) ENGINE=InnoDB DEFAULT CHARSET=utf8mb4 COLLATE=utf8mb4_unicode_ci;

--
-- Dumping data for table `user_permissions`
--

INSERT INTO `user_permissions` (`id`, `user_id`, `menu`, `can_view`, `can_edit`, `can_see_amounts`, `created_at`, `updated_at`) VALUES
(1, 3, 'dashboard', 0, 0, 0, '2025-11-18 13:00:55', '2025-11-18 13:00:55'),
(2, 3, 'supplier', 1, 1, 0, '2025-11-18 13:00:55', '2025-11-18 13:00:55'),
(3, 3, 'reel_receipt', 1, 1, 0, '2025-11-18 13:00:55', '2025-11-18 13:00:55'),
(4, 3, 'reel_issue', 1, 1, 0, '2025-11-18 13:00:55', '2025-11-18 13:00:55'),
(5, 3, 'monthly_consumption', 1, 1, 0, '2025-11-18 13:00:55', '2025-11-18 13:00:55'),
(6, 3, 'reel_stock', 1, 1, 0, '2025-11-18 13:00:55', '2025-11-18 13:00:55'),
(7, 3, 'reel_receipt_report', 1, 1, 0, '2025-11-18 13:00:55', '2025-11-18 13:00:55'),
(8, 3, 'monthly_closing', 1, 1, 0, '2025-11-18 13:00:55', '2025-11-18 13:00:55'),
(9, 5, 'dashboard', 1, 1, 1, '2025-11-22 11:01:29', '2025-11-22 11:01:29'),
(10, 5, 'supplier', 1, 1, 0, '2025-11-22 11:01:29', '2025-11-22 11:01:29'),
(11, 5, 'reel_receipt', 1, 1, 1, '2025-11-22 11:01:29', '2025-11-22 11:01:29'),
(12, 5, 'reel_issue', 1, 1, 1, '2025-11-22 11:01:29', '2025-11-22 11:01:29'),
(13, 5, 'monthly_consumption', 1, 1, 1, '2025-11-22 11:01:29', '2025-11-22 11:01:29'),
(14, 5, 'reel_stock', 1, 1, 1, '2025-11-22 11:01:29', '2025-11-22 11:01:29'),
(15, 5, 'reel_receipt_report', 1, 1, 1, '2025-11-22 11:01:29', '2025-11-22 11:01:29'),
(16, 5, 'monthly_closing', 1, 1, 1, '2025-11-22 11:01:29', '2025-11-22 11:01:29'),
(17, 5, 'cartons', 1, 1, 0, '2025-11-22 11:01:29', '2025-11-22 11:01:29');

--
-- Indexes for dumped tables
--

--
-- Indexes for table `carton_costings`
--
ALTER TABLE `carton_costings`
  ADD PRIMARY KEY (`id`),
  ADD KEY `carton_costings_user_id_foreign` (`user_id`);

--
-- Indexes for table `customers`
--
ALTER TABLE `customers`
  ADD PRIMARY KEY (`id`);

--
-- Indexes for table `failed_jobs`
--
ALTER TABLE `failed_jobs`
  ADD PRIMARY KEY (`id`),
  ADD UNIQUE KEY `failed_jobs_uuid_unique` (`uuid`);

--
-- Indexes for table `migrations`
--
ALTER TABLE `migrations`
  ADD PRIMARY KEY (`id`);

--
-- Indexes for table `paper_qualities`
--
ALTER TABLE `paper_qualities`
  ADD PRIMARY KEY (`id`),
  ADD UNIQUE KEY `paper_qualities_item_code_unique` (`item_code`);

--
-- Indexes for table `password_resets`
--
ALTER TABLE `password_resets`
  ADD PRIMARY KEY (`email`);

--
-- Indexes for table `personal_access_tokens`
--
ALTER TABLE `personal_access_tokens`
  ADD PRIMARY KEY (`id`),
  ADD UNIQUE KEY `personal_access_tokens_token_unique` (`token`),
  ADD KEY `personal_access_tokens_tokenable_type_tokenable_id_index` (`tokenable_type`,`tokenable_id`);

--
-- Indexes for table `reels`
--
ALTER TABLE `reels`
  ADD PRIMARY KEY (`id`),
  ADD UNIQUE KEY `reels_reel_no_unique` (`reel_no`),
  ADD KEY `reels_paper_quality_id_foreign` (`paper_quality_id`),
  ADD KEY `reels_supplier_id_foreign` (`supplier_id`);

--
-- Indexes for table `reel_issues`
--
ALTER TABLE `reel_issues`
  ADD PRIMARY KEY (`id`),
  ADD KEY `reel_issues_reel_id_foreign` (`reel_id`);

--
-- Indexes for table `reel_receipts`
--
ALTER TABLE `reel_receipts`
  ADD PRIMARY KEY (`id`),
  ADD KEY `reel_receipts_reel_id_foreign` (`reel_id`);

--
-- Indexes for table `reel_returns`
--
ALTER TABLE `reel_returns`
  ADD PRIMARY KEY (`id`),
  ADD KEY `reel_returns_reel_id_foreign` (`reel_id`);

--
-- Indexes for table `roles`
--
ALTER TABLE `roles`
  ADD PRIMARY KEY (`id`),
  ADD UNIQUE KEY `roles_name_unique` (`name`);

--
-- Indexes for table `settings`
--
ALTER TABLE `settings`
  ADD PRIMARY KEY (`id`),
  ADD UNIQUE KEY `settings_key_unique` (`key`);

--
-- Indexes for table `suppliers`
--
ALTER TABLE `suppliers`
  ADD PRIMARY KEY (`id`),
  ADD UNIQUE KEY `suppliers_supplier_id_unique` (`supplier_id`);

--
-- Indexes for table `users`
--
ALTER TABLE `users`
  ADD PRIMARY KEY (`id`),
  ADD UNIQUE KEY `users_email_unique` (`email`),
  ADD KEY `users_role_id_foreign` (`role_id`);

--
-- Indexes for table `user_permissions`
--
ALTER TABLE `user_permissions`
  ADD PRIMARY KEY (`id`),
  ADD KEY `user_permissions_user_id_foreign` (`user_id`);

--
-- AUTO_INCREMENT for dumped tables
--

--
-- AUTO_INCREMENT for table `carton_costings`
--
ALTER TABLE `carton_costings`
  MODIFY `id` bigint(20) UNSIGNED NOT NULL AUTO_INCREMENT;

--
-- AUTO_INCREMENT for table `customers`
--
ALTER TABLE `customers`
  MODIFY `id` bigint(20) UNSIGNED NOT NULL AUTO_INCREMENT;

--
-- AUTO_INCREMENT for table `failed_jobs`
--
ALTER TABLE `failed_jobs`
  MODIFY `id` bigint(20) UNSIGNED NOT NULL AUTO_INCREMENT;

--
-- AUTO_INCREMENT for table `migrations`
--
ALTER TABLE `migrations`
  MODIFY `id` int(10) UNSIGNED NOT NULL AUTO_INCREMENT, AUTO_INCREMENT=35;

--
-- AUTO_INCREMENT for table `paper_qualities`
--
ALTER TABLE `paper_qualities`
  MODIFY `id` bigint(20) UNSIGNED NOT NULL AUTO_INCREMENT, AUTO_INCREMENT=24;

--
-- AUTO_INCREMENT for table `personal_access_tokens`
--
ALTER TABLE `personal_access_tokens`
  MODIFY `id` bigint(20) UNSIGNED NOT NULL AUTO_INCREMENT, AUTO_INCREMENT=88;

--
-- AUTO_INCREMENT for table `reels`
--
ALTER TABLE `reels`
  MODIFY `id` bigint(20) UNSIGNED NOT NULL AUTO_INCREMENT, AUTO_INCREMENT=271;

--
-- AUTO_INCREMENT for table `reel_issues`
--
ALTER TABLE `reel_issues`
  MODIFY `id` bigint(20) UNSIGNED NOT NULL AUTO_INCREMENT, AUTO_INCREMENT=3;

--
-- AUTO_INCREMENT for table `reel_receipts`
--
ALTER TABLE `reel_receipts`
  MODIFY `id` bigint(20) UNSIGNED NOT NULL AUTO_INCREMENT, AUTO_INCREMENT=271;

--
-- AUTO_INCREMENT for table `reel_returns`
--
ALTER TABLE `reel_returns`
  MODIFY `id` bigint(20) UNSIGNED NOT NULL AUTO_INCREMENT;

--
-- AUTO_INCREMENT for table `roles`
--
ALTER TABLE `roles`
  MODIFY `id` bigint(20) UNSIGNED NOT NULL AUTO_INCREMENT, AUTO_INCREMENT=8;

--
-- AUTO_INCREMENT for table `settings`
--
ALTER TABLE `settings`
  MODIFY `id` bigint(20) UNSIGNED NOT NULL AUTO_INCREMENT, AUTO_INCREMENT=4;

--
-- AUTO_INCREMENT for table `suppliers`
--
ALTER TABLE `suppliers`
  MODIFY `id` bigint(20) UNSIGNED NOT NULL AUTO_INCREMENT, AUTO_INCREMENT=8;

--
-- AUTO_INCREMENT for table `users`
--
ALTER TABLE `users`
  MODIFY `id` bigint(20) UNSIGNED NOT NULL AUTO_INCREMENT, AUTO_INCREMENT=8;

--
-- AUTO_INCREMENT for table `user_permissions`
--
ALTER TABLE `user_permissions`
  MODIFY `id` bigint(20) UNSIGNED NOT NULL AUTO_INCREMENT, AUTO_INCREMENT=18;

--
-- Constraints for dumped tables
--

--
-- Constraints for table `carton_costings`
--
ALTER TABLE `carton_costings`
  ADD CONSTRAINT `carton_costings_user_id_foreign` FOREIGN KEY (`user_id`) REFERENCES `users` (`id`) ON DELETE CASCADE;

--
-- Constraints for table `reels`
--
ALTER TABLE `reels`
  ADD CONSTRAINT `reels_paper_quality_id_foreign` FOREIGN KEY (`paper_quality_id`) REFERENCES `paper_qualities` (`id`),
  ADD CONSTRAINT `reels_supplier_id_foreign` FOREIGN KEY (`supplier_id`) REFERENCES `suppliers` (`id`);

--
-- Constraints for table `reel_issues`
--
ALTER TABLE `reel_issues`
  ADD CONSTRAINT `reel_issues_reel_id_foreign` FOREIGN KEY (`reel_id`) REFERENCES `reels` (`id`);

--
-- Constraints for table `reel_receipts`
--
ALTER TABLE `reel_receipts`
  ADD CONSTRAINT `reel_receipts_reel_id_foreign` FOREIGN KEY (`reel_id`) REFERENCES `reels` (`id`);

--
-- Constraints for table `reel_returns`
--
ALTER TABLE `reel_returns`
  ADD CONSTRAINT `reel_returns_reel_id_foreign` FOREIGN KEY (`reel_id`) REFERENCES `reels` (`id`);

--
-- Constraints for table `users`
--
ALTER TABLE `users`
  ADD CONSTRAINT `users_role_id_foreign` FOREIGN KEY (`role_id`) REFERENCES `roles` (`id`);

--
-- Constraints for table `user_permissions`
--
ALTER TABLE `user_permissions`
  ADD CONSTRAINT `user_permissions_user_id_foreign` FOREIGN KEY (`user_id`) REFERENCES `users` (`id`) ON DELETE CASCADE;
COMMIT;

/*!40101 SET CHARACTER_SET_CLIENT=@OLD_CHARACTER_SET_CLIENT */;
/*!40101 SET CHARACTER_SET_RESULTS=@OLD_CHARACTER_SET_RESULTS */;
/*!40101 SET COLLATION_CONNECTION=@OLD_COLLATION_CONNECTION */;
